comune,provincia,regione,url,MICHELE DE PASCALE_total,MICHELE DE PASCALE_perc,ELENA UGOLINI_total,ELENA UGOLINI_perc,FEDERICO SERRA_total,FEDERICO SERRA_perc,LUCA TEODORI_total,LUCA TEODORI_perc,perc_diff
Alto Reno Terme,Bologna,Emilia-Romagna,https://elezioni.interno.gov.it/risultati/20241117/regionali/scrutini/italia/080130005,1240,"49,13",1204,"47,70",59,"2,34",21,"0,83",2.99
Anzola Dell'Emilia,Bologna,Emilia-Romagna,https://elezioni.interno.gov.it/risultati/20241117/regionali/scrutini/italia/080130010,3346,"66,04",1561,"30,81",97,"1,91",63,"1,24",114.35
Argelato,Bologna,Emilia-Romagna,https://elezioni.interno.gov.it/risultati/20241117/regionali/scrutini/italia/080130020,2536,"63,51",1327,"33,23",75,"1,88",55,"1,38",91.11
Baricella,Bologna,Emilia-Romagna,https://elezioni.interno.gov.it/risultati/20241117/regionali/scrutini/italia/080130030,1277,"51,60",1115,"45,05",42,"1,70",41,"1,66",14.53
Bentivoglio,Bologna,Emilia-Romagna,https://elezioni.interno.gov.it/risultati/20241117/regionali/scrutini/italia/080130050,1357,"60,15",806,"35,73",54,"2,39",39,"1,73",68.36
Bologna,Bologna,Emilia-Romagna,https://elezioni.interno.gov.it/risultati/20241117/regionali/scrutini/italia/080130060,102219,"63,63",51176,"31,85",5530,"3,44",1730,"1,08",99.74
Borgo Tossignano,Bologna,Emilia-Romagna,https://elezioni.interno.gov.it/risultati/20241117/regionali/scrutini/italia/080130070,592,"55,64",425,"39,94",28,"2,63",19,"1,79",39.29
Budrio,Bologna,Emilia-Romagna,https://elezioni.interno.gov.it/risultati/20241117/regionali/scrutini/italia/080130080,4144,"55,41",3061,"40,93",182,"2,43",92,"1,23",35.38
Calderara Di Reno,Bologna,Emilia-Romagna,https://elezioni.interno.gov.it/risultati/20241117/regionali/scrutini/italia/080130090,3798,"64,36",1893,"32,08",125,"2,12",85,"1,44",100.63
Camugnano,Bologna,Emilia-Romagna,https://elezioni.interno.gov.it/risultati/20241117/regionali/scrutini/italia/080130100,351,"44,88",409,"52,30",10,"1,28",12,"1,53",-14.18
Casalecchio Di Reno,Bologna,Emilia-Romagna,https://elezioni.interno.gov.it/risultati/20241117/regionali/scrutini/italia/080130110,9514,"64,51",4708,"31,93",368,"2,50",157,"1,06",102.08
Casalfiumanese,Bologna,Emilia-Romagna,https://elezioni.interno.gov.it/risultati/20241117/regionali/scrutini/italia/080130120,700,"58,53",455,"38,04",22,"1,84",19,"1,59",53.85
Castel D'Aiano,Bologna,Emilia-Romagna,https://elezioni.interno.gov.it/risultati/20241117/regionali/scrutini/italia/080130130,341,"42,79",423,"53,07",20,"2,51",13,"1,63",-19.39
Castel Del Rio,Bologna,Emilia-Romagna,https://elezioni.interno.gov.it/risultati/20241117/regionali/scrutini/italia/080130140,248,"55,48",184,"41,16",9,"2,01",6,"1,34",34.78
Castel Di Casio,Bologna,Emilia-Romagna,https://elezioni.interno.gov.it/risultati/20241117/regionali/scrutini/italia/080130150,660,"49,62",620,"46,62",34,"2,56",16,"1,20",6.45
Castel Guelfo Di Bologna,Bologna,Emilia-Romagna,https://elezioni.interno.gov.it/risultati/20241117/regionali/scrutini/italia/080130160,933,"53,74",747,"43,03",27,"1,56",29,"1,67",24.9
Castello D'Argile,Bologna,Emilia-Romagna,https://elezioni.interno.gov.it/risultati/20241117/regionali/scrutini/italia/080130170,1376,"56,91",970,"40,12",32,"1,32",40,"1,65",41.86
Castel Maggiore,Bologna,Emilia-Romagna,https://elezioni.interno.gov.it/risultati/20241117/regionali/scrutini/italia/080130190,5307,"65,93",2435,"30,25",181,"2,25",127,"1,58",117.95
Castel San Pietro Terme,Bologna,Emilia-Romagna,https://elezioni.interno.gov.it/risultati/20241117/regionali/scrutini/italia/080130200,5195,"59,45",3271,"37,43",144,"1,65",129,"1,48",58.82
Castenaso,Bologna,Emilia-Romagna,https://elezioni.interno.gov.it/risultati/20241117/regionali/scrutini/italia/080130210,4717,"63,60",2486,"33,52",131,"1,77",83,"1,12",89.74
Castiglione Dei Pepoli,Bologna,Emilia-Romagna,https://elezioni.interno.gov.it/risultati/20241117/regionali/scrutini/italia/080130220,1250,"58,22",831,"38,71",28,"1,30",38,"1,77",50.42
Crevalcore,Bologna,Emilia-Romagna,https://elezioni.interno.gov.it/risultati/20241117/regionali/scrutini/italia/080130240,2810,"56,31",2048,"41,04",78,"1,56",54,"1,08",37.21
Dozza,Bologna,Emilia-Romagna,https://elezioni.interno.gov.it/risultati/20241117/regionali/scrutini/italia/080130250,1212,"51,29",1073,"45,41",39,"1,65",39,"1,65",12.95
Fontanelice,Bologna,Emilia-Romagna,https://elezioni.interno.gov.it/risultati/20241117/regionali/scrutini/italia/080130260,367,"48,93",348,"46,40",20,"2,67",15,"2,00",5.46
Gaggio Montano,Bologna,Emilia-Romagna,https://elezioni.interno.gov.it/risultati/20241117/regionali/scrutini/italia/080130270,684,"39,20",1017,"58,28",21,"1,20",23,"1,32",-32.74
Galliera,Bologna,Emilia-Romagna,https://elezioni.interno.gov.it/risultati/20241117/regionali/scrutini/italia/080130280,1006,"55,67",741,"41,01",34,"1,88",26,"1,44",35.76
Granarolo Dell'Emilia,Bologna,Emilia-Romagna,https://elezioni.interno.gov.it/risultati/20241117/regionali/scrutini/italia/080130300,3417,"61,86",1930,"34,94",121,"2,19",56,"1,01",77.05
Grizzana Morandi,Bologna,Emilia-Romagna,https://elezioni.interno.gov.it/risultati/20241117/regionali/scrutini/italia/080130310,855,"59,01",529,"36,51",37,"2,55",28,"1,93",61.63
Imola,Bologna,Emilia-Romagna,https://elezioni.interno.gov.it/risultati/20241117/regionali/scrutini/italia/080130320,16256,"63,61",8466,"33,13",538,"2,11",296,"1,16",92.02
Lizzano In Belvedere,Bologna,Emilia-Romagna,https://elezioni.interno.gov.it/risultati/20241117/regionali/scrutini/italia/080130330,406,"43,84",493,"53,24",15,"1,62",12,"1,30",-17.65
Loiano,Bologna,Emilia-Romagna,https://elezioni.interno.gov.it/risultati/20241117/regionali/scrutini/italia/080130340,854,"50,18",770,"45,24",31,"1,82",47,"2,76",10.91
Malalbergo,Bologna,Emilia-Romagna,https://elezioni.interno.gov.it/risultati/20241117/regionali/scrutini/italia/080130350,1679,"54,06",1330,"42,82",54,"1,74",43,"1,38",26.24
Marzabotto,Bologna,Emilia-Romagna,https://elezioni.interno.gov.it/risultati/20241117/regionali/scrutini/italia/080130360,1565,"59,30",970,"36,76",73,"2,77",31,"1,17",61.34
Medicina,Bologna,Emilia-Romagna,https://elezioni.interno.gov.it/risultati/20241117/regionali/scrutini/italia/080130370,3896,"59,58",2410,"36,86",164,"2,51",69,"1,06",61.66
Minerbio,Bologna,Emilia-Romagna,https://elezioni.interno.gov.it/risultati/20241117/regionali/scrutini/italia/080130380,1890,"56,71",1342,"40,26",66,"1,98",35,"1,05",40.83
Molinella,Bologna,Emilia-Romagna,https://elezioni.interno.gov.it/risultati/20241117/regionali/scrutini/italia/080130390,2434,"42,14",3182,"55,09",84,"1,45",76,"1,32",-23.51
Monghidoro,Bologna,Emilia-Romagna,https://elezioni.interno.gov.it/risultati/20241117/regionali/scrutini/italia/080130400,623,"43,02",778,"53,73",29,"2,00",18,"1,24",-19.92
Monterenzio,Bologna,Emilia-Romagna,https://elezioni.interno.gov.it/risultati/20241117/regionali/scrutini/italia/080130410,1125,"52,45",912,"42,52",50,"2,33",58,"2,70",23.36
Monte San Pietro,Bologna,Emilia-Romagna,https://elezioni.interno.gov.it/risultati/20241117/regionali/scrutini/italia/080130420,2909,"59,73",1818,"37,33",87,"1,79",56,"1,15",60.01
Monzuno,Bologna,Emilia-Romagna,https://elezioni.interno.gov.it/risultati/20241117/regionali/scrutini/italia/080130440,1171,"50,91",1060,"46,09",43,"1,87",26,"1,13",10.47
Mordano,Bologna,Emilia-Romagna,https://elezioni.interno.gov.it/risultati/20241117/regionali/scrutini/italia/080130450,1073,"58,83",696,"38,16",27,"1,48",28,"1,54",54.17
Ozzano Dell'Emilia,Bologna,Emilia-Romagna,https://elezioni.interno.gov.it/risultati/20241117/regionali/scrutini/italia/080130460,3692,"61,81",2056,"34,42",130,"2,18",95,"1,59",79.57
Pianoro,Bologna,Emilia-Romagna,https://elezioni.interno.gov.it/risultati/20241117/regionali/scrutini/italia/080130470,4336,"58,64",2805,"37,94",133,"1,80",120,"1,62",54.58
Pieve Di Cento,Bologna,Emilia-Romagna,https://elezioni.interno.gov.it/risultati/20241117/regionali/scrutini/italia/080130480,1696,"56,29",1230,"40,82",45,"1,49",42,"1,39",37.89
Sala Bolognese,Bologna,Emilia-Romagna,https://elezioni.interno.gov.it/risultati/20241117/regionali/scrutini/italia/080130500,2081,"59,09",1329,"37,73",58,"1,65",54,"1,53",56.58
San Benedetto Val Di Sambro,Bologna,Emilia-Romagna,https://elezioni.interno.gov.it/risultati/20241117/regionali/scrutini/italia/080130510,822,"49,91",782,"47,48",30,"1,82",13,"0,79",5.12
San Giorgio Di Piano,Bologna,Emilia-Romagna,https://elezioni.interno.gov.it/risultati/20241117/regionali/scrutini/italia/080130520,2385,"65,06",1168,"31,86",72,"1,96",41,"1,12",104.2
San Giovanni In Persiceto,Bologna,Emilia-Romagna,https://elezioni.interno.gov.it/risultati/20241117/regionali/scrutini/italia/080130530,6731,"56,09",4912,"40,93",212,"1,77",146,"1,22",37.03
San Lazzaro Di Savena,Bologna,Emilia-Romagna,https://elezioni.interno.gov.it/risultati/20241117/regionali/scrutini/italia/080130540,9284,"61,77",5336,"35,50",233,"1,55",178,"1,18",73.99
San Pietro In Casale,Bologna,Emilia-Romagna,https://elezioni.interno.gov.it/risultati/20241117/regionali/scrutini/italia/080130550,2534,"57,21",1701,"38,41",130,"2,94",64,"1,45",48.97
Sant'Agata Bolognese,Bologna,Emilia-Romagna,https://elezioni.interno.gov.it/risultati/20241117/regionali/scrutini/italia/080130560,1423,"52,16",1245,"45,64",21,"0,77",39,"1,43",14.3
Sasso Marconi,Bologna,Emilia-Romagna,https://elezioni.interno.gov.it/risultati/20241117/regionali/scrutini/italia/080130570,3051,"60,43",1820,"36,05",100,"1,98",78,"1,54",67.64
Valsamoggia,Bologna,Emilia-Romagna,https://elezioni.interno.gov.it/risultati/20241117/regionali/scrutini/italia/080130585,7321,"60,92",4239,"35,28",306,"2,55",151,"1,26",72.71
Vergato,Bologna,Emilia-Romagna,https://elezioni.interno.gov.it/risultati/20241117/regionali/scrutini/italia/080130590,1258,"51,20",1132,"46,07",42,"1,71",25,"1,02",11.13
Zola Predosa,Bologna,Emilia-Romagna,https://elezioni.interno.gov.it/risultati/20241117/regionali/scrutini/italia/080130600,5359,"62,79",2895,"33,92",180,"2,11",101,"1,18",85.11
Argenta,Ferrara,Emilia-Romagna,https://elezioni.interno.gov.it/risultati/20241117/regionali/scrutini/italia/080290010,4050,"54,27",3245,"43,48",94,"1,26",74,"0,99",24.81
Bondeno,Ferrara,Emilia-Romagna,https://elezioni.interno.gov.it/risultati/20241117/regionali/scrutini/italia/080290030,2096,"45,19",2451,"52,85",47,"1,01",44,"0,95",-14.48
Cento,Ferrara,Emilia-Romagna,https://elezioni.interno.gov.it/risultati/20241117/regionali/scrutini/italia/080290040,5319,"42,46",6879,"54,91",151,"1,21",179,"1,43",-22.68
Codigoro,Ferrara,Emilia-Romagna,https://elezioni.interno.gov.it/risultati/20241117/regionali/scrutini/italia/080290050,1353,"39,71",1911,"56,09",69,"2,03",74,"2,17",-29.2
Comacchio,Ferrara,Emilia-Romagna,https://elezioni.interno.gov.it/risultati/20241117/regionali/scrutini/italia/080290060,2312,"40,67",3203,"56,34",93,"1,64",77,"1,35",-27.82
Copparo,Ferrara,Emilia-Romagna,https://elezioni.interno.gov.it/risultati/20241117/regionali/scrutini/italia/080290070,2785,"48,39",2776,"48,24",73,"1,27",121,"2,10",0.32
Ferrara,Ferrara,Emilia-Romagna,https://elezioni.interno.gov.it/risultati/20241117/regionali/scrutini/italia/080290080,26816,"54,17",21160,"42,74",740,"1,49",790,"1,60",26.73
Fiscaglia,Ferrara,Emilia-Romagna,https://elezioni.interno.gov.it/risultati/20241117/regionali/scrutini/italia/080290085,1345,"51,06",1179,"44,76",55,"2,09",55,"2,09",14.08
Goro,Ferrara,Emilia-Romagna,https://elezioni.interno.gov.it/risultati/20241117/regionali/scrutini/italia/080290091,264,"19,35",1088,"79,77",9,"0,66",3,"0,22",-75.74
Jolanda Di Savoia,Ferrara,Emilia-Romagna,https://elezioni.interno.gov.it/risultati/20241117/regionali/scrutini/italia/080290100,380,"48,53",362,"46,23",9,"1,15",32,"4,09",4.97
Lagosanto,Ferrara,Emilia-Romagna,https://elezioni.interno.gov.it/risultati/20241117/regionali/scrutini/italia/080290110,553,"40,93",754,"55,81",20,"1,48",24,"1,78",-26.66
Masi Torello,Ferrara,Emilia-Romagna,https://elezioni.interno.gov.it/risultati/20241117/regionali/scrutini/italia/080290111,306,"34,30",556,"62,33",14,"1,57",16,"1,79",-44.96
Mesola,Ferrara,Emilia-Romagna,https://elezioni.interno.gov.it/risultati/20241117/regionali/scrutini/italia/080290130,796,"37,23",1303,"60,94",15,"0,70",24,"1,12",-38.91
Ostellato,Ferrara,Emilia-Romagna,https://elezioni.interno.gov.it/risultati/20241117/regionali/scrutini/italia/080290150,868,"47,88",848,"46,77",45,"2,48",52,"2,87",2.36
Poggio Renatico,Ferrara,Emilia-Romagna,https://elezioni.interno.gov.it/risultati/20241117/regionali/scrutini/italia/080290160,1666,"51,04",1516,"46,45",40,"1,23",42,"1,29",9.89
Portomaggiore,Ferrara,Emilia-Romagna,https://elezioni.interno.gov.it/risultati/20241117/regionali/scrutini/italia/080290170,1743,"45,86",1962,"51,62",48,"1,26",48,"1,26",-11.16
Riva Del Po,Ferrara,Emilia-Romagna,https://elezioni.interno.gov.it/risultati/20241117/regionali/scrutini/italia/080290175,908,"42,61",1166,"54,72",31,"1,45",26,"1,22",-22.13
Terre Del Reno,Ferrara,Emilia-Romagna,https://elezioni.interno.gov.it/risultati/20241117/regionali/scrutini/italia/080290185,1455,"41,52",1949,"55,62",50,"1,43",50,"1,43",-25.35
Tresignana,Ferrara,Emilia-Romagna,https://elezioni.interno.gov.it/risultati/20241117/regionali/scrutini/italia/080290195,1170,"50,11",1093,"46,81",29,"1,24",43,"1,84",7.04
Vigarano Mainarda,Ferrara,Emilia-Romagna,https://elezioni.interno.gov.it/risultati/20241117/regionali/scrutini/italia/080290200,1346,"48,28",1341,"48,10",54,"1,94",47,"1,69",0.37
Voghiera,Ferrara,Emilia-Romagna,https://elezioni.interno.gov.it/risultati/20241117/regionali/scrutini/italia/080290210,616,"42,22",791,"54,22",25,"1,71",27,"1,85",-22.12
Bagno Di Romagna,Forli'-Cesena,Emilia-Romagna,https://elezioni.interno.gov.it/risultati/20241117/regionali/scrutini/italia/080320010,1260,"55,73",957,"42,33",32,"1,42",12,"0,53",31.66
Bertinoro,Forli'-Cesena,Emilia-Romagna,https://elezioni.interno.gov.it/risultati/20241117/regionali/scrutini/italia/080320020,2389,"61,49",1360,"35,01",63,"1,62",73,"1,88",75.66
Borghi,Forli'-Cesena,Emilia-Romagna,https://elezioni.interno.gov.it/risultati/20241117/regionali/scrutini/italia/080320030,347,"42,47",447,"54,71",11,"1,35",12,"1,47",-22.37
Castrocaro Terme E Terra Del Sole,Forli'-Cesena,Emilia-Romagna,https://elezioni.interno.gov.it/risultati/20241117/regionali/scrutini/italia/080320040,1188,"53,18",991,"44,36",19,"0,85",36,"1,61",19.88
Cesena,Forli'-Cesena,Emilia-Romagna,https://elezioni.interno.gov.it/risultati/20241117/regionali/scrutini/italia/080320060,23422,"63,31",12630,"34,14",421,"1,14",525,"1,42",85.45
Cesenatico,Forli'-Cesena,Emilia-Romagna,https://elezioni.interno.gov.it/risultati/20241117/regionali/scrutini/italia/080320070,4840,"51,44",4326,"45,98",114,"1,21",129,"1,37",11.88
Civitella Di Romagna,Forli'-Cesena,Emilia-Romagna,https://elezioni.interno.gov.it/risultati/20241117/regionali/scrutini/italia/080320080,680,"50,86",630,"47,12",15,"1,12",12,"0,90",7.94
Dovadola,Forli'-Cesena,Emilia-Romagna,https://elezioni.interno.gov.it/risultati/20241117/regionali/scrutini/italia/080320100,230,"51,80",204,"45,95",6,"1,35",4,"0,90",12.75
Forlì,Forli'-Cesena,Emilia-Romagna,https://elezioni.interno.gov.it/risultati/20241117/regionali/scrutini/italia/080320110,24799,"58,91",16271,"38,65",515,"1,22",513,"1,22",52.41
Forlimpopoli,Forli'-Cesena,Emilia-Romagna,https://elezioni.interno.gov.it/risultati/20241117/regionali/scrutini/italia/080320120,2926,"62,49",1610,"34,39",60,"1,28",86,"1,84",81.74
Galeata,Forli'-Cesena,Emilia-Romagna,https://elezioni.interno.gov.it/risultati/20241117/regionali/scrutini/italia/080320130,459,"54,06",364,"42,87",15,"1,77",11,"1,30",26.1
Gambettola,Forli'-Cesena,Emilia-Romagna,https://elezioni.interno.gov.it/risultati/20241117/regionali/scrutini/italia/080320140,1991,"57,18",1379,"39,60",50,"1,44",62,"1,78",44.38
Gatteo,Forli'-Cesena,Emilia-Romagna,https://elezioni.interno.gov.it/risultati/20241117/regionali/scrutini/italia/080320150,1473,"52,01",1258,"44,42",49,"1,73",52,"1,84",17.09
Longiano,Forli'-Cesena,Emilia-Romagna,https://elezioni.interno.gov.it/risultati/20241117/regionali/scrutini/italia/080320170,1460,"58,82",920,"37,07",44,"1,77",58,"2,34",58.7
Meldola,Forli'-Cesena,Emilia-Romagna,https://elezioni.interno.gov.it/risultati/20241117/regionali/scrutini/italia/080320180,1710,"54,55",1333,"42,52",46,"1,47",46,"1,47",28.28
Mercato Saraceno,Forli'-Cesena,Emilia-Romagna,https://elezioni.interno.gov.it/risultati/20241117/regionali/scrutini/italia/080320190,1224,"52,15",1084,"46,19",17,"0,72",22,"0,94",12.92
Modigliana,Forli'-Cesena,Emilia-Romagna,https://elezioni.interno.gov.it/risultati/20241117/regionali/scrutini/italia/080320210,754,"48,06",770,"49,08",35,"2,23",10,"0,64",-2.08
Montiano,Forli'-Cesena,Emilia-Romagna,https://elezioni.interno.gov.it/risultati/20241117/regionali/scrutini/italia/080320270,398,"58,02",267,"38,92",11,"1,60",10,"1,46",49.06
Portico E San Benedetto,Forli'-Cesena,Emilia-Romagna,https://elezioni.interno.gov.it/risultati/20241117/regionali/scrutini/italia/080320300,131,"49,62",129,"48,86",4,"1,52",0,0,1.55
Predappio,Forli'-Cesena,Emilia-Romagna,https://elezioni.interno.gov.it/risultati/20241117/regionali/scrutini/italia/080320310,1037,"47,94",1077,"49,79",18,"0,83",31,"1,43",-3.71
Premilcuore,Forli'-Cesena,Emilia-Romagna,https://elezioni.interno.gov.it/risultati/20241117/regionali/scrutini/italia/080320320,141,"47,47",151,"50,84",3,"1,01",2,"0,67",-6.62
Rocca San Casciano,Forli'-Cesena,Emilia-Romagna,https://elezioni.interno.gov.it/risultati/20241117/regionali/scrutini/italia/080320350,368,"44,77",441,"53,65",9,"1,09",4,"0,49",-16.55
Roncofreddo,Forli'-Cesena,Emilia-Romagna,https://elezioni.interno.gov.it/risultati/20241117/regionali/scrutini/italia/080320360,749,"57,22",500,"38,20",19,"1,45",41,"3,13",49.8
San Mauro Pascoli,Forli'-Cesena,Emilia-Romagna,https://elezioni.interno.gov.it/risultati/20241117/regionali/scrutini/italia/080320400,2118,"57,48",1484,"40,27",44,"1,19",39,"1,06",42.72
Santa Sofia,Forli'-Cesena,Emilia-Romagna,https://elezioni.interno.gov.it/risultati/20241117/regionali/scrutini/italia/080320420,1317,"69,13",562,"29,50",15,"0,79",11,"0,58",134.34
Sarsina,Forli'-Cesena,Emilia-Romagna,https://elezioni.interno.gov.it/risultati/20241117/regionali/scrutini/italia/080320430,551,"41,49",753,"56,70",14,"1,05",10,"0,75",-26.83
Savignano Sul Rubicone,Forli'-Cesena,Emilia-Romagna,https://elezioni.interno.gov.it/risultati/20241117/regionali/scrutini/italia/080320440,3068,"56,35",2217,"40,72",75,"1,38",85,"1,56",38.39
Sogliano Al Rubicone,Forli'-Cesena,Emilia-Romagna,https://elezioni.interno.gov.it/risultati/20241117/regionali/scrutini/italia/080320450,513,"46,34",554,"50,05",16,"1,45",24,"2,17",-7.4
Tredozio,Forli'-Cesena,Emilia-Romagna,https://elezioni.interno.gov.it/risultati/20241117/regionali/scrutini/italia/080320480,182,"45,61",212,"53,13",3,"0,75",2,"0,50",-14.15
Verghereto,Forli'-Cesena,Emilia-Romagna,https://elezioni.interno.gov.it/risultati/20241117/regionali/scrutini/italia/080320490,260,"39,51",389,"59,12",3,"0,46",6,"0,91",-33.16
Bastiglia,Modena,Emilia-Romagna,https://elezioni.interno.gov.it/risultati/20241117/regionali/scrutini/italia/080500010,880,"61,50",513,"35,85",29,"2,03",9,"0,63",71.54
Bomporto,Modena,Emilia-Romagna,https://elezioni.interno.gov.it/risultati/20241117/regionali/scrutini/italia/080500020,1910,"55,86",1414,"41,36",45,"1,32",50,"1,46",35.08
Campogalliano,Modena,Emilia-Romagna,https://elezioni.interno.gov.it/risultati/20241117/regionali/scrutini/italia/080500030,2083,"65,15",1015,"31,75",46,"1,44",53,"1,66",105.22
Camposanto,Modena,Emilia-Romagna,https://elezioni.interno.gov.it/risultati/20241117/regionali/scrutini/italia/080500040,524,"45,13",605,"52,11",15,"1,29",17,"1,46",-13.39
Carpi,Modena,Emilia-Romagna,https://elezioni.interno.gov.it/risultati/20241117/regionali/scrutini/italia/080500050,16855,"63,82",8837,"33,46",428,"1,62",292,"1,11",90.73
Castelfranco Emilia,Modena,Emilia-Romagna,https://elezioni.interno.gov.it/risultati/20241117/regionali/scrutini/italia/080500060,7281,"63,09",3936,"34,10",213,"1,85",111,"0,96",84.98
Castelnuovo Rangone,Modena,Emilia-Romagna,https://elezioni.interno.gov.it/risultati/20241117/regionali/scrutini/italia/080500070,3534,"59,65",2224,"37,54",83,"1,40",84,"1,42",58.9
Castelvetro Di Modena,Modena,Emilia-Romagna,https://elezioni.interno.gov.it/risultati/20241117/regionali/scrutini/italia/080500080,2321,"58,55",1541,"38,87",45,"1,14",57,"1,44",50.62
Cavezzo,Modena,Emilia-Romagna,https://elezioni.interno.gov.it/risultati/20241117/regionali/scrutini/italia/080500090,1300,"49,54",1247,"47,52",36,"1,37",41,"1,56",4.25
Concordia Sulla Secchia,Modena,Emilia-Romagna,https://elezioni.interno.gov.it/risultati/20241117/regionali/scrutini/italia/080500100,1580,"56,23",1160,"41,28",38,"1,35",32,"1,14",36.21
Fanano,Modena,Emilia-Romagna,https://elezioni.interno.gov.it/risultati/20241117/regionali/scrutini/italia/080500110,634,"51,76",573,"46,78",12,"0,98",6,"0,49",10.65
Finale Emilia,Modena,Emilia-Romagna,https://elezioni.interno.gov.it/risultati/20241117/regionali/scrutini/italia/080500120,2187,"42,90",2716,"53,28",134,"2,63",61,"1,20",-19.48
Fiorano Modenese,Modena,Emilia-Romagna,https://elezioni.interno.gov.it/risultati/20241117/regionali/scrutini/italia/080500130,3165,"57,84",2189,"40,00",77,"1,41",41,"0,75",44.59
Fiumalbo,Modena,Emilia-Romagna,https://elezioni.interno.gov.it/risultati/20241117/regionali/scrutini/italia/080500140,112,"22,95",368,"75,41",6,"1,23",2,"0,41",-69.57
Formigine,Modena,Emilia-Romagna,https://elezioni.interno.gov.it/risultati/20241117/regionali/scrutini/italia/080500150,8965,"63,97",4770,"34,04",155,"1,11",124,"0,88",87.95
Frassinoro,Modena,Emilia-Romagna,https://elezioni.interno.gov.it/risultati/20241117/regionali/scrutini/italia/080500160,310,"42,70",394,"54,27",19,"2,62",3,"0,41",-21.32
Guiglia,Modena,Emilia-Romagna,https://elezioni.interno.gov.it/risultati/20241117/regionali/scrutini/italia/080500170,696,"48,10",705,"48,72",25,"1,73",21,"1,45",-1.28
Lama Mocogno,Modena,Emilia-Romagna,https://elezioni.interno.gov.it/risultati/20241117/regionali/scrutini/italia/080500180,452,"42,72",581,"54,91",11,"1,04",14,"1,32",-22.2
Maranello,Modena,Emilia-Romagna,https://elezioni.interno.gov.it/risultati/20241117/regionali/scrutini/italia/080500190,3245,"55,18",2483,"42,22",97,"1,65",56,"0,95",30.69
Marano Sul Panaro,Modena,Emilia-Romagna,https://elezioni.interno.gov.it/risultati/20241117/regionali/scrutini/italia/080500200,889,"48,32",895,"48,64",30,"1,63",26,"1,41",-0.67
Medolla,Modena,Emilia-Romagna,https://elezioni.interno.gov.it/risultati/20241117/regionali/scrutini/italia/080500210,1340,"53,43",1111,"44,30",29,"1,16",28,"1,12",20.61
Mirandola,Modena,Emilia-Romagna,https://elezioni.interno.gov.it/risultati/20241117/regionali/scrutini/italia/080500220,4391,"50,95",4043,"46,91",112,"1,30",72,"0,84",8.61
Modena,Modena,Emilia-Romagna,https://elezioni.interno.gov.it/risultati/20241117/regionali/scrutini/italia/080500230,46297,"65,94",22098,"31,48",1194,"1,70",619,"0,88",109.51
Montecreto,Modena,Emilia-Romagna,https://elezioni.interno.gov.it/risultati/20241117/regionali/scrutini/italia/080500240,168,"39,90",243,"57,72",6,"1,43",4,"0,95",-30.86
Montefiorino,Modena,Emilia-Romagna,https://elezioni.interno.gov.it/risultati/20241117/regionali/scrutini/italia/080500250,382,"46,99",409,"50,31",20,"2,46",2,"0,25",-6.6
Montese,Modena,Emilia-Romagna,https://elezioni.interno.gov.it/risultati/20241117/regionali/scrutini/italia/080500260,515,"42,21",677,"55,49",15,"1,23",13,"1,07",-23.93
Nonantola,Modena,Emilia-Romagna,https://elezioni.interno.gov.it/risultati/20241117/regionali/scrutini/italia/080500270,4030,"66,95",1847,"30,69",84,"1,40",58,"0,96",118.19
Novi Di Modena,Modena,Emilia-Romagna,https://elezioni.interno.gov.it/risultati/20241117/regionali/scrutini/italia/080500280,2186,"63,33",1162,"33,66",77,"2,23",27,"0,78",88.12
Palagano,Modena,Emilia-Romagna,https://elezioni.interno.gov.it/risultati/20241117/regionali/scrutini/italia/080500281,374,"45,39",428,"51,94",14,"1,70",8,"0,97",-12.62
Pavullo Nel Frignano,Modena,Emilia-Romagna,https://elezioni.interno.gov.it/risultati/20241117/regionali/scrutini/italia/080500290,2696,"42,98",3429,"54,67",98,"1,56",49,"0,78",-21.38
Pievepelago,Modena,Emilia-Romagna,https://elezioni.interno.gov.it/risultati/20241117/regionali/scrutini/italia/080500300,293,"36,76",486,"60,98",14,"1,76",4,"0,50",-39.71
Polinago,Modena,Emilia-Romagna,https://elezioni.interno.gov.it/risultati/20241117/regionali/scrutini/italia/080500310,224,"38,69",338,"58,38",6,"1,04",11,"1,90",-33.73
Prignano Sulla Secchia,Modena,Emilia-Romagna,https://elezioni.interno.gov.it/risultati/20241117/regionali/scrutini/italia/080500320,599,"41,31",794,"54,76",29,"2,00",28,"1,93",-24.56
Ravarino,Modena,Emilia-Romagna,https://elezioni.interno.gov.it/risultati/20241117/regionali/scrutini/italia/080500330,1386,"62,89",748,"33,94",44,"2,00",26,"1,18",85.29
Riolunato,Modena,Emilia-Romagna,https://elezioni.interno.gov.it/risultati/20241117/regionali/scrutini/italia/080500340,116,"40,70",164,"57,54",3,"1,05",2,"0,70",-29.27
San Cesario Sul Panaro,Modena,Emilia-Romagna,https://elezioni.interno.gov.it/risultati/20241117/regionali/scrutini/italia/080500350,1699,"64,53",844,"32,05",51,"1,94",39,"1,48",101.3
San Felice Sul Panaro,Modena,Emilia-Romagna,https://elezioni.interno.gov.it/risultati/20241117/regionali/scrutini/italia/080500360,1673,"45,64",1906,"51,99",55,"1,50",32,"0,87",-12.22
San Possidonio,Modena,Emilia-Romagna,https://elezioni.interno.gov.it/risultati/20241117/regionali/scrutini/italia/080500370,600,"49,34",590,"48,52",11,"0,90",15,"1,23",1.69
San Prospero,Modena,Emilia-Romagna,https://elezioni.interno.gov.it/risultati/20241117/regionali/scrutini/italia/080500380,989,"53,46",794,"42,92",38,"2,05",29,"1,57",24.56
Sassuolo,Modena,Emilia-Romagna,https://elezioni.interno.gov.it/risultati/20241117/regionali/scrutini/italia/080500390,6552,"50,58",6040,"46,63",201,"1,55",161,"1,24",8.48
Savignano Sul Panaro,Modena,Emilia-Romagna,https://elezioni.interno.gov.it/risultati/20241117/regionali/scrutini/italia/080500400,1939,"57,74",1299,"38,68",75,"2,23",45,"1,34",49.27
Serramazzoni,Modena,Emilia-Romagna,https://elezioni.interno.gov.it/risultati/20241117/regionali/scrutini/italia/080500410,1122,"39,93",1591,"56,62",49,"1,74",48,"1,71",-29.48
Sestola,Modena,Emilia-Romagna,https://elezioni.interno.gov.it/risultati/20241117/regionali/scrutini/italia/080500420,445,"45,04",521,"52,73",9,"0,91",13,"1,32",-14.59
Soliera,Modena,Emilia-Romagna,https://elezioni.interno.gov.it/risultati/20241117/regionali/scrutini/italia/080500430,3788,"64,81",1887,"32,28",97,"1,66",73,"1,25",100.74
Spilamberto,Modena,Emilia-Romagna,https://elezioni.interno.gov.it/risultati/20241117/regionali/scrutini/italia/080500440,2832,"62,26",1565,"34,40",95,"2,09",57,"1,25",80.96
Vignola,Modena,Emilia-Romagna,https://elezioni.interno.gov.it/risultati/20241117/regionali/scrutini/italia/080500450,4945,"53,93",3989,"43,51",138,"1,51",97,"1,06",23.97
Zocca,Modena,Emilia-Romagna,https://elezioni.interno.gov.it/risultati/20241117/regionali/scrutini/italia/080500460,719,"45,42",825,"52,12",28,"1,77",11,"0,69",-12.85
Albareto,Parma,Emilia-Romagna,https://elezioni.interno.gov.it/risultati/20241117/regionali/scrutini/italia/080560010,247,"32,76",494,"65,52",10,"1,33",3,"0,40",-50.0
Bardi,Parma,Emilia-Romagna,https://elezioni.interno.gov.it/risultati/20241117/regionali/scrutini/italia/080560020,221,"30,91",475,"66,43",11,"1,54",8,"1,12",-53.47
Bedonia,Parma,Emilia-Romagna,https://elezioni.interno.gov.it/risultati/20241117/regionali/scrutini/italia/080560030,356,"32,72",720,"66,18",10,"0,92",2,"0,18",-50.56
Berceto,Parma,Emilia-Romagna,https://elezioni.interno.gov.it/risultati/20241117/regionali/scrutini/italia/080560040,347,"47,21",371,"50,48",11,"1,50",6,"0,82",-6.47
Bore,Parma,Emilia-Romagna,https://elezioni.interno.gov.it/risultati/20241117/regionali/scrutini/italia/080560050,110,"46,03",123,"51,46",2,"0,84",4,"1,67",-10.57
Borgo Val Di Taro,Parma,Emilia-Romagna,https://elezioni.interno.gov.it/risultati/20241117/regionali/scrutini/italia/080560060,1327,"50,69",1232,"47,06",39,"1,49",20,"0,76",7.71
Busseto,Parma,Emilia-Romagna,https://elezioni.interno.gov.it/risultati/20241117/regionali/scrutini/italia/080560070,881,"41,07",1218,"56,78",21,"0,98",25,"1,17",-27.67
Calestano,Parma,Emilia-Romagna,https://elezioni.interno.gov.it/risultati/20241117/regionali/scrutini/italia/080560080,250,"43,18",312,"53,89",8,"1,38",9,"1,55",-19.87
Collecchio,Parma,Emilia-Romagna,https://elezioni.interno.gov.it/risultati/20241117/regionali/scrutini/italia/080560090,3008,"54,56",2327,"42,21",105,"1,90",73,"1,32",29.27
Colorno,Parma,Emilia-Romagna,https://elezioni.interno.gov.it/risultati/20241117/regionali/scrutini/italia/080560100,1060,"47,28",1121,"50,00",38,"1,69",23,"1,03",-5.44
Compiano,Parma,Emilia-Romagna,https://elezioni.interno.gov.it/risultati/20241117/regionali/scrutini/italia/080560110,129,"26,17",360,"73,02",1,"0,20",3,"0,61",-64.17
Corniglio,Parma,Emilia-Romagna,https://elezioni.interno.gov.it/risultati/20241117/regionali/scrutini/italia/080560120,273,"40,21",393,"57,88",10,"1,47",3,"0,44",-30.53
Felino,Parma,Emilia-Romagna,https://elezioni.interno.gov.it/risultati/20241117/regionali/scrutini/italia/080560130,1632,"51,53",1407,"44,43",80,"2,53",48,"1,52",15.99
Fidenza,Parma,Emilia-Romagna,https://elezioni.interno.gov.it/risultati/20241117/regionali/scrutini/italia/080560140,5060,"54,58",3954,"42,65",159,"1,72",97,"1,05",27.97
Fontanellato,Parma,Emilia-Romagna,https://elezioni.interno.gov.it/risultati/20241117/regionali/scrutini/italia/080560150,986,"43,96",1203,"53,63",39,"1,74",15,"0,67",-18.04
Fontevivo,Parma,Emilia-Romagna,https://elezioni.interno.gov.it/risultati/20241117/regionali/scrutini/italia/080560160,798,"38,44",1229,"59,20",30,"1,45",19,"0,92",-35.07
Fornovo Di Taro,Parma,Emilia-Romagna,https://elezioni.interno.gov.it/risultati/20241117/regionali/scrutini/italia/080560170,961,"54,76",731,"41,65",44,"2,51",19,"1,08",31.46
Langhirano,Parma,Emilia-Romagna,https://elezioni.interno.gov.it/risultati/20241117/regionali/scrutini/italia/080560180,1470,"46,42",1607,"50,74",54,"1,71",36,"1,14",-8.53
Lesignano De' Bagni,Parma,Emilia-Romagna,https://elezioni.interno.gov.it/risultati/20241117/regionali/scrutini/italia/080560190,835,"47,02",872,"49,10",48,"2,70",21,"1,18",-4.24
Medesano,Parma,Emilia-Romagna,https://elezioni.interno.gov.it/risultati/20241117/regionali/scrutini/italia/080560200,1451,"41,77",1935,"55,70",58,"1,67",30,"0,86",-25.01
Monchio Delle Corti,Parma,Emilia-Romagna,https://elezioni.interno.gov.it/risultati/20241117/regionali/scrutini/italia/080560220,153,"41,02",210,"56,30",8,"2,14",2,"0,54",-27.14
Montechiarugolo,Parma,Emilia-Romagna,https://elezioni.interno.gov.it/risultati/20241117/regionali/scrutini/italia/080560230,2115,"52,20",1817,"44,84",80,"1,97",40,"0,99",16.4
Neviano Degli Arduini,Parma,Emilia-Romagna,https://elezioni.interno.gov.it/risultati/20241117/regionali/scrutini/italia/080560240,592,"45,19",670,"51,15",23,"1,76",25,"1,91",-11.64
Noceto,Parma,Emilia-Romagna,https://elezioni.interno.gov.it/risultati/20241117/regionali/scrutini/italia/080560250,2054,"43,24",2603,"54,80",63,"1,33",30,"0,63",-21.09
Palanzano,Parma,Emilia-Romagna,https://elezioni.interno.gov.it/risultati/20241117/regionali/scrutini/italia/080560260,170,"39,72",252,"58,88",5,"1,17",1,"0,23",-32.54
Parma,Parma,Emilia-Romagna,https://elezioni.interno.gov.it/risultati/20241117/regionali/scrutini/italia/080560270,36828,"55,99",27012,"41,06",1360,"2,07",580,"0,88",36.34
Pellegrino Parmense,Parma,Emilia-Romagna,https://elezioni.interno.gov.it/risultati/20241117/regionali/scrutini/italia/080560280,127,"40,97",177,"57,10",5,"1,61",1,"0,32",-28.25
Polesine Zibello,Parma,Emilia-Romagna,https://elezioni.interno.gov.it/risultati/20241117/regionali/scrutini/italia/080560291,310,"35,39",546,"62,33",12,"1,37",8,"0,91",-43.22
Roccabianca,Parma,Emilia-Romagna,https://elezioni.interno.gov.it/risultati/20241117/regionali/scrutini/italia/080560300,423,"48,62",411,"47,24",29,"3,33",7,"0,80",2.92
Sala Baganza,Parma,Emilia-Romagna,https://elezioni.interno.gov.it/risultati/20241117/regionali/scrutini/italia/080560310,1118,"56,58",800,"40,49",39,"1,97",19,"0,96",39.75
Salsomaggiore Terme,Parma,Emilia-Romagna,https://elezioni.interno.gov.it/risultati/20241117/regionali/scrutini/italia/080560320,3070,"50,39",2893,"47,48",74,"1,21",56,"0,92",6.12
San Secondo Parmense,Parma,Emilia-Romagna,https://elezioni.interno.gov.it/risultati/20241117/regionali/scrutini/italia/080560330,961,"49,90",905,"46,99",41,"2,13",19,"0,99",6.19
Sissa Trecasali,Parma,Emilia-Romagna,https://elezioni.interno.gov.it/risultati/20241117/regionali/scrutini/italia/080560345,1082,"45,42",1230,"51,64",41,"1,72",29,"1,22",-12.03
Solignano,Parma,Emilia-Romagna,https://elezioni.interno.gov.it/risultati/20241117/regionali/scrutini/italia/080560350,253,"44,54",298,"52,46",15,"2,64",2,"0,35",-15.1
Soragna,Parma,Emilia-Romagna,https://elezioni.interno.gov.it/risultati/20241117/regionali/scrutini/italia/080560360,716,"39,32",1059,"58,15",21,"1,15",25,"1,37",-32.39
Sorbolo Mezzani,Parma,Emilia-Romagna,https://elezioni.interno.gov.it/risultati/20241117/regionali/scrutini/italia/080560375,2078,"52,36",1763,"44,42",69,"1,74",59,"1,49",17.87
Terenzo,Parma,Emilia-Romagna,https://elezioni.interno.gov.it/risultati/20241117/regionali/scrutini/italia/080560380,174,"45,19",200,"51,95",5,"1,30",6,"1,56",-13.0
Tizzano Val Parma,Parma,Emilia-Romagna,https://elezioni.interno.gov.it/risultati/20241117/regionali/scrutini/italia/080560390,387,"47,20",400,"48,78",20,"2,44",13,"1,59",-3.25
Tornolo,Parma,Emilia-Romagna,https://elezioni.interno.gov.it/risultati/20241117/regionali/scrutini/italia/080560400,157,"37,20",263,"62,32",1,"0,24",1,"0,24",-40.3
Torrile,Parma,Emilia-Romagna,https://elezioni.interno.gov.it/risultati/20241117/regionali/scrutini/italia/080560410,1054,"50,62",913,"43,85",86,"4,13",29,"1,39",15.44
Traversetolo,Parma,Emilia-Romagna,https://elezioni.interno.gov.it/risultati/20241117/regionali/scrutini/italia/080560420,1388,"40,94",1869,"55,13",71,"2,09",62,"1,83",-25.74
Valmozzola,Parma,Emilia-Romagna,https://elezioni.interno.gov.it/risultati/20241117/regionali/scrutini/italia/080560440,72,"40,45",98,"55,06",5,"2,81",3,"1,69",-26.53
Varano De' Melegari,Parma,Emilia-Romagna,https://elezioni.interno.gov.it/risultati/20241117/regionali/scrutini/italia/080560450,468,"47,71",497,"50,66",8,"0,82",8,"0,82",-5.84
Varsi,Parma,Emilia-Romagna,https://elezioni.interno.gov.it/risultati/20241117/regionali/scrutini/italia/080560460,151,"37,94",241,"60,55",4,"1,01",2,"0,50",-37.34
Agazzano,Piacenza,Emilia-Romagna,https://elezioni.interno.gov.it/risultati/20241117/regionali/scrutini/italia/080610010,251,"37,02",405,"59,73",11,"1,62",11,"1,62",-38.02
Alseno,Piacenza,Emilia-Romagna,https://elezioni.interno.gov.it/risultati/20241117/regionali/scrutini/italia/080610020,548,"32,60",1100,"65,44",19,"1,13",14,"0,83",-50.18
Alta Val Tidone,Piacenza,Emilia-Romagna,https://elezioni.interno.gov.it/risultati/20241117/regionali/scrutini/italia/080610025,358,"31,38",752,"65,91",29,"2,54",2,"0,18",-52.39
Besenzone,Piacenza,Emilia-Romagna,https://elezioni.interno.gov.it/risultati/20241117/regionali/scrutini/italia/080610030,88,"25,51",253,"73,33",2,"0,58",2,"0,58",-65.22
Bettola,Piacenza,Emilia-Romagna,https://elezioni.interno.gov.it/risultati/20241117/regionali/scrutini/italia/080610040,305,"29,99",688,"67,65",8,"0,79",16,"1,57",-55.67
Bobbio,Piacenza,Emilia-Romagna,https://elezioni.interno.gov.it/risultati/20241117/regionali/scrutini/italia/080610050,569,"39,38",849,"58,75",24,"1,66",3,"0,21",-32.98
Borgonovo Val Tidone,Piacenza,Emilia-Romagna,https://elezioni.interno.gov.it/risultati/20241117/regionali/scrutini/italia/080610060,780,"36,97",1296,"61,42",21,"1,00",13,"0,62",-39.81
Cadeo,Piacenza,Emilia-Romagna,https://elezioni.interno.gov.it/risultati/20241117/regionali/scrutini/italia/080610070,645,"36,65",1083,"61,53",20,"1,14",12,"0,68",-40.44
Calendasco,Piacenza,Emilia-Romagna,https://elezioni.interno.gov.it/risultati/20241117/regionali/scrutini/italia/080610080,322,"40,71",448,"56,64",16,"2,02",5,"0,63",-28.12
Caorso,Piacenza,Emilia-Romagna,https://elezioni.interno.gov.it/risultati/20241117/regionali/scrutini/italia/080610100,531,"35,98",910,"61,65",19,"1,29",16,"1,08",-41.65
Carpaneto Piacentino,Piacenza,Emilia-Romagna,https://elezioni.interno.gov.it/risultati/20241117/regionali/scrutini/italia/080610110,852,"30,57",1881,"67,49",28,"1,00",26,"0,93",-54.7
Castell'Arquato,Piacenza,Emilia-Romagna,https://elezioni.interno.gov.it/risultati/20241117/regionali/scrutini/italia/080610120,619,"36,37",1037,"60,93",30,"1,76",16,"0,94",-40.31
Castel San Giovanni,Piacenza,Emilia-Romagna,https://elezioni.interno.gov.it/risultati/20241117/regionali/scrutini/italia/080610130,1294,"34,11",2432,"64,10",55,"1,45",13,"0,34",-46.79
Castelvetro Piacentino,Piacenza,Emilia-Romagna,https://elezioni.interno.gov.it/risultati/20241117/regionali/scrutini/italia/080610140,900,"51,84",791,"45,56",25,"1,44",20,"1,15",13.78
Cerignale,Piacenza,Emilia-Romagna,https://elezioni.interno.gov.it/risultati/20241117/regionali/scrutini/italia/080610150,24,"39,34",34,"55,74",0,0,3,"4,92",-29.41
Coli,Piacenza,Emilia-Romagna,https://elezioni.interno.gov.it/risultati/20241117/regionali/scrutini/italia/080610160,146,"40,44",206,"57,06",5,"1,39",4,"1,11",-29.13
Corte Brugnatella,Piacenza,Emilia-Romagna,https://elezioni.interno.gov.it/risultati/20241117/regionali/scrutini/italia/080610170,76,"31,67",157,"65,42",3,"1,25",4,"1,67",-51.59
Cortemaggiore,Piacenza,Emilia-Romagna,https://elezioni.interno.gov.it/risultati/20241117/regionali/scrutini/italia/080610180,527,"34,42",976,"63,75",17,"1,11",11,"0,72",-46.0
Farini,Piacenza,Emilia-Romagna,https://elezioni.interno.gov.it/risultati/20241117/regionali/scrutini/italia/080610190,124,"27,62",321,"71,49",1,"0,22",3,"0,67",-61.37
Ferriere,Piacenza,Emilia-Romagna,https://elezioni.interno.gov.it/risultati/20241117/regionali/scrutini/italia/080610200,119,"25,05",349,"73,47",5,"1,05",2,"0,42",-65.9
Fiorenzuola D'Arda,Piacenza,Emilia-Romagna,https://elezioni.interno.gov.it/risultati/20241117/regionali/scrutini/italia/080610210,2263,"46,26",2512,"51,35",93,"1,90",24,"0,49",-9.91
Gazzola,Piacenza,Emilia-Romagna,https://elezioni.interno.gov.it/risultati/20241117/regionali/scrutini/italia/080610220,342,"39,86",484,"56,41",15,"1,75",17,"1,98",-29.34
Gossolengo,Piacenza,Emilia-Romagna,https://elezioni.interno.gov.it/risultati/20241117/regionali/scrutini/italia/080610230,975,"46,32",1055,"50,12",53,"2,52",22,"1,05",-7.58
Gragnano Trebbiense,Piacenza,Emilia-Romagna,https://elezioni.interno.gov.it/risultati/20241117/regionali/scrutini/italia/080610240,613,"45,78",687,"51,31",23,"1,72",16,"1,19",-10.77
Gropparello,Piacenza,Emilia-Romagna,https://elezioni.interno.gov.it/risultati/20241117/regionali/scrutini/italia/080610250,257,"32,91",507,"64,92",9,"1,15",8,"1,02",-49.31
Lugagnano Val D'Arda,Piacenza,Emilia-Romagna,https://elezioni.interno.gov.it/risultati/20241117/regionali/scrutini/italia/080610260,497,"35,32",890,"63,26",12,"0,85",8,"0,57",-44.16
Monticelli D'Ongina,Piacenza,Emilia-Romagna,https://elezioni.interno.gov.it/risultati/20241117/regionali/scrutini/italia/080610270,919,"50,00",877,"47,71",28,"1,52",14,"0,76",4.79
Morfasso,Piacenza,Emilia-Romagna,https://elezioni.interno.gov.it/risultati/20241117/regionali/scrutini/italia/080610280,88,"26,75",236,"71,73",3,"0,91",2,"0,61",-62.71
Ottone,Piacenza,Emilia-Romagna,https://elezioni.interno.gov.it/risultati/20241117/regionali/scrutini/italia/080610300,38,"33,33",75,"65,79",1,"0,88",0,0,-49.33
Piacenza,Piacenza,Emilia-Romagna,https://elezioni.interno.gov.it/risultati/20241117/regionali/scrutini/italia/080610320,15116,"46,15",16643,"50,82",747,"2,28",245,"0,75",-9.18
Pianello Val Tidone,Piacenza,Emilia-Romagna,https://elezioni.interno.gov.it/risultati/20241117/regionali/scrutini/italia/080610330,224,"31,59",468,"66,01",13,"1,83",4,"0,56",-52.14
Piozzano,Piacenza,Emilia-Romagna,https://elezioni.interno.gov.it/risultati/20241117/regionali/scrutini/italia/080610340,81,"35,37",133,"58,08",9,"3,93",6,"2,62",-39.1
Podenzano,Piacenza,Emilia-Romagna,https://elezioni.interno.gov.it/risultati/20241117/regionali/scrutini/italia/080610350,1199,"37,72",1943,"61,12",27,"0,85",10,"0,31",-38.29
Ponte Dell'Olio,Piacenza,Emilia-Romagna,https://elezioni.interno.gov.it/risultati/20241117/regionali/scrutini/italia/080610360,645,"38,26",1011,"59,96",18,"1,07",12,"0,71",-36.2
Pontenure,Piacenza,Emilia-Romagna,https://elezioni.interno.gov.it/risultati/20241117/regionali/scrutini/italia/080610370,804,"43,41",979,"52,86",45,"2,43",24,"1,30",-17.88
Rivergaro,Piacenza,Emilia-Romagna,https://elezioni.interno.gov.it/risultati/20241117/regionali/scrutini/italia/080610380,1123,"44,97",1315,"52,66",37,"1,48",22,"0,88",-14.6
Rottofreno,Piacenza,Emilia-Romagna,https://elezioni.interno.gov.it/risultati/20241117/regionali/scrutini/italia/080610390,1478,"41,15",2027,"56,43",59,"1,64",28,"0,78",-27.08
San Giorgio Piacentino,Piacenza,Emilia-Romagna,https://elezioni.interno.gov.it/risultati/20241117/regionali/scrutini/italia/080610400,638,"30,50",1406,"67,21",28,"1,34",20,"0,96",-54.62
San Pietro In Cerro,Piacenza,Emilia-Romagna,https://elezioni.interno.gov.it/risultati/20241117/regionali/scrutini/italia/080610410,77,"28,84",184,"68,91",4,"1,50",2,"0,75",-58.15
Sarmato,Piacenza,Emilia-Romagna,https://elezioni.interno.gov.it/risultati/20241117/regionali/scrutini/italia/080610420,319,"41,86",430,"56,43",9,"1,18",4,"0,52",-25.81
Travo,Piacenza,Emilia-Romagna,https://elezioni.interno.gov.it/risultati/20241117/regionali/scrutini/italia/080610430,598,"60,47",371,"37,51",9,"0,91",11,"1,11",61.19
Vernasca,Piacenza,Emilia-Romagna,https://elezioni.interno.gov.it/risultati/20241117/regionali/scrutini/italia/080610440,340,"45,76",385,"51,82",10,"1,35",8,"1,08",-11.69
Vigolzone,Piacenza,Emilia-Romagna,https://elezioni.interno.gov.it/risultati/20241117/regionali/scrutini/italia/080610450,503,"33,76",959,"64,36",20,"1,34",8,"0,54",-47.55
Villanova Sull'Arda,Piacenza,Emilia-Romagna,https://elezioni.interno.gov.it/risultati/20241117/regionali/scrutini/italia/080610460,258,"45,26",291,"51,05",20,"3,51",1,"0,18",-11.34
Zerba,Piacenza,Emilia-Romagna,https://elezioni.interno.gov.it/risultati/20241117/regionali/scrutini/italia/080610470,12,"36,36",20,"60,61",0,0,1,"3,03",-40.0
Ziano Piacentino,Piacenza,Emilia-Romagna,https://elezioni.interno.gov.it/risultati/20241117/regionali/scrutini/italia/080610480,292,"35,18",509,"61,33",22,"2,65",7,"0,84",-42.63
Alfonsine,Ravenna,Emilia-Romagna,https://elezioni.interno.gov.it/risultati/20241117/regionali/scrutini/italia/080660010,2859,"64,51",1411,"31,84",112,"2,53",50,"1,13",102.62
Bagnacavallo,Ravenna,Emilia-Romagna,https://elezioni.interno.gov.it/risultati/20241117/regionali/scrutini/italia/080660020,3899,"57,42",2649,"39,01",162,"2,39",80,"1,18",47.19
Bagnara Di Romagna,Ravenna,Emilia-Romagna,https://elezioni.interno.gov.it/risultati/20241117/regionali/scrutini/italia/080660030,607,"62,32",348,"35,73",12,"1,23",7,"0,72",74.43
Brisighella,Ravenna,Emilia-Romagna,https://elezioni.interno.gov.it/risultati/20241117/regionali/scrutini/italia/080660040,1524,"51,94",1331,"45,36",58,"1,98",21,"0,72",14.5
Casola Valsenio,Ravenna,Emilia-Romagna,https://elezioni.interno.gov.it/risultati/20241117/regionali/scrutini/italia/080660050,594,"57,23",420,"40,46",18,"1,73",6,"0,58",41.43
Castel Bolognese,Ravenna,Emilia-Romagna,https://elezioni.interno.gov.it/risultati/20241117/regionali/scrutini/italia/080660060,1956,"53,21",1637,"44,53",53,"1,44",30,"0,82",19.49
Cervia,Ravenna,Emilia-Romagna,https://elezioni.interno.gov.it/risultati/20241117/regionali/scrutini/italia/080660070,6361,"57,97",4299,"39,18",194,"1,77",119,"1,08",47.96
Conselice,Ravenna,Emilia-Romagna,https://elezioni.interno.gov.it/risultati/20241117/regionali/scrutini/italia/080660080,1950,"60,63",1115,"34,67",90,"2,80",61,"1,90",74.89
Cotignola,Ravenna,Emilia-Romagna,https://elezioni.interno.gov.it/risultati/20241117/regionali/scrutini/italia/080660090,1759,"59,03",1154,"38,72",44,"1,48",23,"0,77",52.43
Faenza,Ravenna,Emilia-Romagna,https://elezioni.interno.gov.it/risultati/20241117/regionali/scrutini/italia/080660100,14434,"60,60",8719,"36,60",433,"1,82",234,"0,98",65.55
Fusignano,Ravenna,Emilia-Romagna,https://elezioni.interno.gov.it/risultati/20241117/regionali/scrutini/italia/080660110,1840,"62,39",1004,"34,05",79,"2,68",26,"0,88",83.27
Lugo,Ravenna,Emilia-Romagna,https://elezioni.interno.gov.it/risultati/20241117/regionali/scrutini/italia/080660120,6806,"53,83",5470,"43,26",255,"2,02",113,"0,89",24.42
Massa Lombarda,Ravenna,Emilia-Romagna,https://elezioni.interno.gov.it/risultati/20241117/regionali/scrutini/italia/080660130,2044,"63,18",1069,"33,04",82,"2,53",40,"1,24",91.21
Ravenna,Ravenna,Emilia-Romagna,https://elezioni.interno.gov.it/risultati/20241117/regionali/scrutini/italia/080660140,34779,"58,28",22491,"37,69",1681,"2,82",724,"1,21",54.64
Riolo Terme,Ravenna,Emilia-Romagna,https://elezioni.interno.gov.it/risultati/20241117/regionali/scrutini/italia/080660150,1243,"54,71",967,"42,56",40,"1,76",22,"0,97",28.54
Russi,Ravenna,Emilia-Romagna,https://elezioni.interno.gov.it/risultati/20241117/regionali/scrutini/italia/080660160,2600,"54,75",2002,"42,16",109,"2,30",38,"0,80",29.87
Sant'Agata Sul Santerno,Ravenna,Emilia-Romagna,https://elezioni.interno.gov.it/risultati/20241117/regionali/scrutini/italia/080660170,574,"51,81",492,"44,40",27,"2,44",15,"1,35",16.67
Solarolo,Ravenna,Emilia-Romagna,https://elezioni.interno.gov.it/risultati/20241117/regionali/scrutini/italia/080660180,975,"56,65",685,"39,80",44,"2,56",17,"0,99",42.34
Albinea,Reggio Nell'Emilia,Emilia-Romagna,https://elezioni.interno.gov.it/risultati/20241117/regionali/scrutini/italia/080680010,2599,"63,42",1357,"33,11",72,"1,76",70,"1,71",91.53
Bagnolo In Piano,Reggio Nell'Emilia,Emilia-Romagna,https://elezioni.interno.gov.it/risultati/20241117/regionali/scrutini/italia/080680020,2323,"67,00",1016,"29,30",75,"2,16",53,"1,53",128.64
Baiso,Reggio Nell'Emilia,Emilia-Romagna,https://elezioni.interno.gov.it/risultati/20241117/regionali/scrutini/italia/080680030,640,"55,65",480,"41,74",17,"1,48",13,"1,13",33.33
Bibbiano,Reggio Nell'Emilia,Emilia-Romagna,https://elezioni.interno.gov.it/risultati/20241117/regionali/scrutini/italia/080680040,2265,"65,69",1072,"31,09",70,"2,03",41,"1,19",111.29
Boretto,Reggio Nell'Emilia,Emilia-Romagna,https://elezioni.interno.gov.it/risultati/20241117/regionali/scrutini/italia/080680050,789,"51,33",685,"44,57",31,"2,02",32,"2,08",15.18
Brescello,Reggio Nell'Emilia,Emilia-Romagna,https://elezioni.interno.gov.it/risultati/20241117/regionali/scrutini/italia/080680060,708,"49,00",700,"48,44",28,"1,94",9,"0,62",1.14
Cadelbosco Di Sopra,Reggio Nell'Emilia,Emilia-Romagna,https://elezioni.interno.gov.it/risultati/20241117/regionali/scrutini/italia/080680080,1905,"61,06",1124,"36,03",71,"2,28",20,"0,64",69.48
Campagnola Emilia,Reggio Nell'Emilia,Emilia-Romagna,https://elezioni.interno.gov.it/risultati/20241117/regionali/scrutini/italia/080680090,1276,"64,97",616,"31,36",32,"1,63",40,"2,04",107.14
Campegine,Reggio Nell'Emilia,Emilia-Romagna,https://elezioni.interno.gov.it/risultati/20241117/regionali/scrutini/italia/080680100,1122,"66,67",476,"28,28",69,"4,10",16,"0,95",135.71
Carpineti,Reggio Nell'Emilia,Emilia-Romagna,https://elezioni.interno.gov.it/risultati/20241117/regionali/scrutini/italia/080680110,840,"53,92",670,"43,00",23,"1,48",25,"1,60",25.37
Casalgrande,Reggio Nell'Emilia,Emilia-Romagna,https://elezioni.interno.gov.it/risultati/20241117/regionali/scrutini/italia/080680120,3325,"61,39",1926,"35,56",95,"1,75",70,"1,29",72.64
Casina,Reggio Nell'Emilia,Emilia-Romagna,https://elezioni.interno.gov.it/risultati/20241117/regionali/scrutini/italia/080680130,1013,"54,82",759,"41,07",35,"1,89",41,"2,22",33.47
Castellarano,Reggio Nell'Emilia,Emilia-Romagna,https://elezioni.interno.gov.it/risultati/20241117/regionali/scrutini/italia/080680140,2923,"52,99",2416,"43,80",107,"1,94",70,"1,27",20.99
Castelnovo Di Sotto,Reggio Nell'Emilia,Emilia-Romagna,https://elezioni.interno.gov.it/risultati/20241117/regionali/scrutini/italia/080680150,1920,"66,74",847,"29,44",66,"2,29",44,"1,53",126.68
Castelnovo Ne' Monti,Reggio Nell'Emilia,Emilia-Romagna,https://elezioni.interno.gov.it/risultati/20241117/regionali/scrutini/italia/080680160,1992,"50,13",1849,"46,53",79,"1,99",54,"1,36",7.73
Cavriago,Reggio Nell'Emilia,Emilia-Romagna,https://elezioni.interno.gov.it/risultati/20241117/regionali/scrutini/italia/080680170,2418,"68,58",923,"26,18",128,"3,63",57,"1,62",161.97
Canossa,Reggio Nell'Emilia,Emilia-Romagna,https://elezioni.interno.gov.it/risultati/20241117/regionali/scrutini/italia/080680180,594,"48,37",580,"47,23",31,"2,52",23,"1,87",2.41
Correggio,Reggio Nell'Emilia,Emilia-Romagna,https://elezioni.interno.gov.it/risultati/20241117/regionali/scrutini/italia/080680200,6499,"67,08",2868,"29,60",185,"1,91",137,"1,41",126.6
Fabbrico,Reggio Nell'Emilia,Emilia-Romagna,https://elezioni.interno.gov.it/risultati/20241117/regionali/scrutini/italia/080680210,1709,"72,79",553,"23,55",49,"2,09",37,"1,58",209.04
Gattatico,Reggio Nell'Emilia,Emilia-Romagna,https://elezioni.interno.gov.it/risultati/20241117/regionali/scrutini/italia/080680220,1167,"61,20",648,"33,98",63,"3,30",29,"1,52",80.09
Gualtieri,Reggio Nell'Emilia,Emilia-Romagna,https://elezioni.interno.gov.it/risultati/20241117/regionali/scrutini/italia/080680230,1280,"62,20",724,"35,18",21,"1,02",33,"1,60",76.8
Guastalla,Reggio Nell'Emilia,Emilia-Romagna,https://elezioni.interno.gov.it/risultati/20241117/regionali/scrutini/italia/080680240,2722,"55,30",2058,"41,81",78,"1,58",64,"1,30",32.26
Luzzara,Reggio Nell'Emilia,Emilia-Romagna,https://elezioni.interno.gov.it/risultati/20241117/regionali/scrutini/italia/080680260,1721,"62,86",936,"34,19",39,"1,42",42,"1,53",83.87
Montecchio Emilia,Reggio Nell'Emilia,Emilia-Romagna,https://elezioni.interno.gov.it/risultati/20241117/regionali/scrutini/italia/080680270,2185,"61,45",1206,"33,91",108,"3,04",57,"1,60",81.18
Novellara,Reggio Nell'Emilia,Emilia-Romagna,https://elezioni.interno.gov.it/risultati/20241117/regionali/scrutini/italia/080680280,3473,"70,49",1342,"27,24",71,"1,44",41,"0,83",158.79
Poviglio,Reggio Nell'Emilia,Emilia-Romagna,https://elezioni.interno.gov.it/risultati/20241117/regionali/scrutini/italia/080680290,1426,"61,92",792,"34,39",56,"2,43",29,"1,26",80.05
Quattro Castella,Reggio Nell'Emilia,Emilia-Romagna,https://elezioni.interno.gov.it/risultati/20241117/regionali/scrutini/italia/080680300,3429,"62,06",1919,"34,73",97,"1,76",80,"1,45",78.69
Reggiolo,Reggio Nell'Emilia,Emilia-Romagna,https://elezioni.interno.gov.it/risultati/20241117/regionali/scrutini/italia/080680320,2019,"65,36",947,"30,66",93,"3,01",30,"0,97",113.2
Reggio Nell'Emilia,Reggio Nell'Emilia,Emilia-Romagna,https://elezioni.interno.gov.it/risultati/20241117/regionali/scrutini/italia/080680330,37836,"64,86",18619,"31,92",1127,"1,93",755,"1,29",103.21
Rio Saliceto,Reggio Nell'Emilia,Emilia-Romagna,https://elezioni.interno.gov.it/risultati/20241117/regionali/scrutini/italia/080680340,1409,"62,37",763,"33,78",57,"2,52",30,"1,33",84.67
Rolo,Reggio Nell'Emilia,Emilia-Romagna,https://elezioni.interno.gov.it/risultati/20241117/regionali/scrutini/italia/080680350,827,"61,12",497,"36,73",17,"1,26",12,"0,89",66.4
Rubiera,Reggio Nell'Emilia,Emilia-Romagna,https://elezioni.interno.gov.it/risultati/20241117/regionali/scrutini/italia/080680360,3511,"64,83",1721,"31,78",87,"1,61",97,"1,79",104.01
San Martino In Rio,Reggio Nell'Emilia,Emilia-Romagna,https://elezioni.interno.gov.it/risultati/20241117/regionali/scrutini/italia/080680370,1812,"58,93",1158,"37,66",61,"1,98",44,"1,43",56.48
San Polo D'Enza,Reggio Nell'Emilia,Emilia-Romagna,https://elezioni.interno.gov.it/risultati/20241117/regionali/scrutini/italia/080680380,1241,"59,01",778,"36,99",46,"2,19",38,"1,81",59.51
Sant'Ilario D'Enza,Reggio Nell'Emilia,Emilia-Romagna,https://elezioni.interno.gov.it/risultati/20241117/regionali/scrutini/italia/080680390,2229,"59,11",1399,"37,10",99,"2,63",44,"1,17",59.33
Scandiano,Reggio Nell'Emilia,Emilia-Romagna,https://elezioni.interno.gov.it/risultati/20241117/regionali/scrutini/italia/080680400,6905,"65,64",3299,"31,36",198,"1,88",118,"1,12",109.31
Toano,Reggio Nell'Emilia,Emilia-Romagna,https://elezioni.interno.gov.it/risultati/20241117/regionali/scrutini/italia/080680410,600,"45,94",661,"50,61",16,"1,23",29,"2,22",-9.23
Ventasso,Reggio Nell'Emilia,Emilia-Romagna,https://elezioni.interno.gov.it/risultati/20241117/regionali/scrutini/italia/080680415,806,"45,56",907,"51,27",37,"2,09",19,"1,07",-11.14
Vetto,Reggio Nell'Emilia,Emilia-Romagna,https://elezioni.interno.gov.it/risultati/20241117/regionali/scrutini/italia/080680420,322,"46,80",356,"51,74",7,"1,02",3,"0,44",-9.55
Vezzano Sul Crostolo,Reggio Nell'Emilia,Emilia-Romagna,https://elezioni.interno.gov.it/risultati/20241117/regionali/scrutini/italia/080680430,1002,"61,17",565,"34,49",40,"2,44",31,"1,89",77.35
Viano,Reggio Nell'Emilia,Emilia-Romagna,https://elezioni.interno.gov.it/risultati/20241117/regionali/scrutini/italia/080680440,718,"54,19",560,"42,26",23,"1,74",24,"1,81",28.21
Villa Minozzo,Reggio Nell'Emilia,Emilia-Romagna,https://elezioni.interno.gov.it/risultati/20241117/regionali/scrutini/italia/080680450,662,"47,25",657,"46,90",30,"2,14",52,"3,71",0.76
Bellaria-Igea Marina,Rimini,Emilia-Romagna,https://elezioni.interno.gov.it/risultati/20241117/regionali/scrutini/italia/081010010,2756,"45,09",3173,"51,91",75,"1,23",108,"1,77",-13.14
Casteldelci,Rimini,Emilia-Romagna,https://elezioni.interno.gov.it/risultati/20241117/regionali/scrutini/italia/081010015,54,"32,53",109,"65,66",3,"1,81",0,0,-50.46
Cattolica,Rimini,Emilia-Romagna,https://elezioni.interno.gov.it/risultati/20241117/regionali/scrutini/italia/081010020,2837,"55,42",2066,"40,36",116,"2,27",100,"1,95",37.32
Coriano,Rimini,Emilia-Romagna,https://elezioni.interno.gov.it/risultati/20241117/regionali/scrutini/italia/081010030,1953,"51,79",1696,"44,97",57,"1,51",65,"1,72",15.15
Gemmano,Rimini,Emilia-Romagna,https://elezioni.interno.gov.it/risultati/20241117/regionali/scrutini/italia/081010040,154,"41,96",195,"53,13",8,"2,18",10,"2,72",-21.03
Maiolo,Rimini,Emilia-Romagna,https://elezioni.interno.gov.it/risultati/20241117/regionali/scrutini/italia/081010045,142,"41,16",195,"56,52",4,"1,16",4,"1,16",-27.18
Misano Adriatico,Rimini,Emilia-Romagna,https://elezioni.interno.gov.it/risultati/20241117/regionali/scrutini/italia/081010050,2243,"54,47",1755,"42,62",49,"1,19",71,"1,72",27.81
Mondaino,Rimini,Emilia-Romagna,https://elezioni.interno.gov.it/risultati/20241117/regionali/scrutini/italia/081010060,230,"54,12",183,"43,06",5,"1,18",7,"1,65",25.68
Montefiore Conca,Rimini,Emilia-Romagna,https://elezioni.interno.gov.it/risultati/20241117/regionali/scrutini/italia/081010080,228,"45,51",246,"49,10",11,"2,20",16,"3,19",-7.32
Montegridolfo,Rimini,Emilia-Romagna,https://elezioni.interno.gov.it/risultati/20241117/regionali/scrutini/italia/081010090,166,"60,81",96,"35,16",6,"2,20",5,"1,83",72.92
Montescudo-Monte Colombo,Rimini,Emilia-Romagna,https://elezioni.interno.gov.it/risultati/20241117/regionali/scrutini/italia/081010101,727,"41,17",976,"55,27",28,"1,59",35,"1,98",-25.51
Morciano Di Romagna,Rimini,Emilia-Romagna,https://elezioni.interno.gov.it/risultati/20241117/regionali/scrutini/italia/081010110,899,"43,94",1074,"52,49",26,"1,27",47,"2,30",-16.29
Novafeltria,Rimini,Emilia-Romagna,https://elezioni.interno.gov.it/risultati/20241117/regionali/scrutini/italia/081010115,1184,"45,19",1374,"52,44",22,"0,84",40,"1,53",-13.83
Pennabilli,Rimini,Emilia-Romagna,https://elezioni.interno.gov.it/risultati/20241117/regionali/scrutini/italia/081010116,472,"45,21",552,"52,87",9,"0,86",11,"1,05",-14.49
Poggio Torriana,Rimini,Emilia-Romagna,https://elezioni.interno.gov.it/risultati/20241117/regionali/scrutini/italia/081010125,1034,"59,87",616,"35,67",35,"2,03",42,"2,43",67.86
Riccione,Rimini,Emilia-Romagna,https://elezioni.interno.gov.it/risultati/20241117/regionali/scrutini/italia/081010130,5992,"47,86",6232,"49,78",113,"0,90",182,"1,45",-3.85
Rimini,Rimini,Emilia-Romagna,https://elezioni.interno.gov.it/risultati/20241117/regionali/scrutini/italia/081010140,27587,"53,63",22337,"43,42",747,"1,45",773,"1,50",23.5
Saludecio,Rimini,Emilia-Romagna,https://elezioni.interno.gov.it/risultati/20241117/regionali/scrutini/italia/081010150,330,"42,69",418,"54,08",8,"1,03",17,"2,20",-21.05
San Clemente,Rimini,Emilia-Romagna,https://elezioni.interno.gov.it/risultati/20241117/regionali/scrutini/italia/081010160,757,"53,20",620,"43,57",21,"1,48",25,"1,76",22.1
San Giovanni In Marignano,Rimini,Emilia-Romagna,https://elezioni.interno.gov.it/risultati/20241117/regionali/scrutini/italia/081010170,1741,"57,25",1184,"38,93",64,"2,10",52,"1,71",47.04
San Leo,Rimini,Emilia-Romagna,https://elezioni.interno.gov.it/risultati/20241117/regionali/scrutini/italia/081010175,463,"44,73",531,"51,30",9,"0,87",32,"3,09",-12.81
Sant'Agata Feltria,Rimini,Emilia-Romagna,https://elezioni.interno.gov.it/risultati/20241117/regionali/scrutini/italia/081010176,363,"52,53",313,"45,30",5,"0,72",10,"1,45",15.97
Santarcangelo Di Romagna,Rimini,Emilia-Romagna,https://elezioni.interno.gov.it/risultati/20241117/regionali/scrutini/italia/081010180,5130,"61,83",2916,"35,15",88,"1,06",163,"1,96",75.93
Talamello,Rimini,Emilia-Romagna,https://elezioni.interno.gov.it/risultati/20241117/regionali/scrutini/italia/081010185,185,"48,56",184,"48,29",3,"0,79",9,"2,36",0.54
Verucchio,Rimini,Emilia-Romagna,https://elezioni.interno.gov.it/risultati/20241117/regionali/scrutini/italia/081010200,1662,"50,09",1507,"45,42",33,"0,99",116,"3,50",10.29
