ele_info,comune,provincia,regione,ele_f,ele_m,ele_t,perc,perc_r,vot_t,data,ora,update_number,url,perc_diff
Regionali Speciali,Arenzano,Genova,Liguria,5395,4922,10317,56.54,62.39,5833,2024-10-28,15:00,3,https://elezioni.interno.gov.it/risultati/20241117/regionali/votanti/italia/070340010,-9.38
Regionali Speciali,Avegno,Genova,Liguria,1114,1130,2244,48.44,59.07,1087,2024-10-28,15:00,3,https://elezioni.interno.gov.it/risultati/20241117/regionali/votanti/italia/070340020,-18.0
Regionali Speciali,Bargagli,Genova,Liguria,1119,1164,2283,42.71,51.99,975,2024-10-28,15:00,3,https://elezioni.interno.gov.it/risultati/20241117/regionali/votanti/italia/070340030,-17.85
Regionali Speciali,Bogliasco,Genova,Liguria,2281,2123,4404,49.5,51.59,2180,2024-10-28,15:00,3,https://elezioni.interno.gov.it/risultati/20241117/regionali/votanti/italia/070340040,-4.05
Regionali Speciali,Borzonasca,Genova,Liguria,869,932,1801,34.93,45.52,629,2024-10-28,15:00,3,https://elezioni.interno.gov.it/risultati/20241117/regionali/votanti/italia/070340050,-23.26
Regionali Speciali,Busalla,Genova,Liguria,2311,2181,4492,51.76,58.37,2325,2024-10-28,15:00,3,https://elezioni.interno.gov.it/risultati/20241117/regionali/votanti/italia/070340060,-11.32
Regionali Speciali,Camogli,Genova,Liguria,2910,2870,5780,44.79,50.42,2589,2024-10-28,15:00,3,https://elezioni.interno.gov.it/risultati/20241117/regionali/votanti/italia/070340070,-11.17
Regionali Speciali,Campo Ligure,Genova,Liguria,1209,1190,2399,56.36,60.65,1352,2024-10-28,15:00,3,https://elezioni.interno.gov.it/risultati/20241117/regionali/votanti/italia/070340080,-7.07
Regionali Speciali,Campomorone,Genova,Liguria,3071,2901,5972,50.7,57.54,3028,2024-10-28,15:00,3,https://elezioni.interno.gov.it/risultati/20241117/regionali/votanti/italia/070340090,-11.89
Regionali Speciali,Carasco,Genova,Liguria,1664,1651,3315,43.05,52.48,1427,2024-10-28,15:00,3,https://elezioni.interno.gov.it/risultati/20241117/regionali/votanti/italia/070340100,-17.97
Regionali Speciali,Casarza Ligure,Genova,Liguria,2958,2869,5827,50.3,59.8,2931,2024-10-28,15:00,3,https://elezioni.interno.gov.it/risultati/20241117/regionali/votanti/italia/070340110,-15.89
Regionali Speciali,Casella,Genova,Liguria,1372,1378,2750,46.91,65.15,1290,2024-10-28,15:00,3,https://elezioni.interno.gov.it/risultati/20241117/regionali/votanti/italia/070340120,-28.0
Regionali Speciali,Castiglione Chiavarese,Genova,Liguria,907,875,1782,37.6,42.8,670,2024-10-28,15:00,3,https://elezioni.interno.gov.it/risultati/20241117/regionali/votanti/italia/070340130,-12.15
Regionali Speciali,Ceranesi,Genova,Liguria,1594,1630,3224,52.48,59.27,1692,2024-10-28,15:00,3,https://elezioni.interno.gov.it/risultati/20241117/regionali/votanti/italia/070340140,-11.46
Regionali Speciali,Chiavari,Genova,Liguria,14128,12198,26326,45.43,51.44,11961,2024-10-28,15:00,3,https://elezioni.interno.gov.it/risultati/20241117/regionali/votanti/italia/070340150,-11.68
Regionali Speciali,Cicagna,Genova,Liguria,979,1030,2009,45.35,54.2,911,2024-10-28,15:00,3,https://elezioni.interno.gov.it/risultati/20241117/regionali/votanti/italia/070340160,-16.33
Regionali Speciali,Cogoleto,Genova,Liguria,3908,3585,7493,54.34,68.91,4072,2024-10-28,15:00,3,https://elezioni.interno.gov.it/risultati/20241117/regionali/votanti/italia/070340170,-21.14
Regionali Speciali,Cogorno,Genova,Liguria,2979,2845,5824,43.36,49.33,2525,2024-10-28,15:00,3,https://elezioni.interno.gov.it/risultati/20241117/regionali/votanti/italia/070340180,-12.1
Regionali Speciali,Coreglia Ligure,Genova,Liguria,141,160,301,39.87,47.0,120,2024-10-28,15:00,3,https://elezioni.interno.gov.it/risultati/20241117/regionali/votanti/italia/070340190,-15.17
Regionali Speciali,Crocefieschi,Genova,Liguria,249,303,552,53.99,72.01,298,2024-10-28,15:00,3,https://elezioni.interno.gov.it/risultati/20241117/regionali/votanti/italia/070340200,-25.02
Regionali Speciali,Davagna,Genova,Liguria,796,868,1664,42.31,48.51,704,2024-10-28,15:00,3,https://elezioni.interno.gov.it/risultati/20241117/regionali/votanti/italia/070340210,-12.78
Regionali Speciali,Fascia,Genova,Liguria,40,39,79,54.43,57.89,43,2024-10-28,15:00,3,https://elezioni.interno.gov.it/risultati/20241117/regionali/votanti/italia/070340220,-5.98
Regionali Speciali,Favale Di Malvaro,Genova,Liguria,385,354,739,27.74,37.13,205,2024-10-28,15:00,3,https://elezioni.interno.gov.it/risultati/20241117/regionali/votanti/italia/070340230,-25.29
Regionali Speciali,Fontanigorda,Genova,Liguria,95,124,219,55.71,56.68,122,2024-10-28,15:00,3,https://elezioni.interno.gov.it/risultati/20241117/regionali/votanti/italia/070340240,-1.71
Regionali Speciali,Genova,Genova,Liguria,253210,225668,478878,50.11,53.67,239944,2024-10-28,15:00,3,https://elezioni.interno.gov.it/risultati/20241117/regionali/votanti/italia/070340250,-6.63
Regionali Speciali,Gorreto,Genova,Liguria,53,56,109,49.54,57.55,54,2024-10-28,15:00,3,https://elezioni.interno.gov.it/risultati/20241117/regionali/votanti/italia/070340260,-13.92
Regionali Speciali,Isola Del Cantone,Genova,Liguria,884,930,1814,32.8,40.09,595,2024-10-28,15:00,3,https://elezioni.interno.gov.it/risultati/20241117/regionali/votanti/italia/070340270,-18.18
Regionali Speciali,Lavagna,Genova,Liguria,6406,5662,12068,43.95,51.17,5304,2024-10-28,15:00,3,https://elezioni.interno.gov.it/risultati/20241117/regionali/votanti/italia/070340280,-14.11
Regionali Speciali,Leivi,Genova,Liguria,1221,1189,2410,45.27,55.17,1091,2024-10-28,15:00,3,https://elezioni.interno.gov.it/risultati/20241117/regionali/votanti/italia/070340290,-17.94
Regionali Speciali,Lorsica,Genova,Liguria,254,237,491,38.9,47.8,191,2024-10-28,15:00,3,https://elezioni.interno.gov.it/risultati/20241117/regionali/votanti/italia/070340300,-18.62
Regionali Speciali,Lumarzo,Genova,Liguria,925,941,1866,32.58,41.77,608,2024-10-28,15:00,3,https://elezioni.interno.gov.it/risultati/20241117/regionali/votanti/italia/070340310,-22.0
Regionali Speciali,Masone,Genova,Liguria,1659,1632,3291,54.09,59.23,1780,2024-10-28,15:00,3,https://elezioni.interno.gov.it/risultati/20241117/regionali/votanti/italia/070340320,-8.68
Regionali Speciali,Mele,Genova,Liguria,1133,1103,2236,54.56,59.85,1220,2024-10-28,15:00,3,https://elezioni.interno.gov.it/risultati/20241117/regionali/votanti/italia/070340330,-8.84
Regionali Speciali,Mezzanego,Genova,Liguria,730,730,1460,37.47,47.96,547,2024-10-28,15:00,3,https://elezioni.interno.gov.it/risultati/20241117/regionali/votanti/italia/070340340,-21.87
Regionali Speciali,Mignanego,Genova,Liguria,1659,1574,3233,48.0,55.38,1552,2024-10-28,15:00,3,https://elezioni.interno.gov.it/risultati/20241117/regionali/votanti/italia/070340350,-13.33
Regionali Speciali,Moconesi,Genova,Liguria,1089,1142,2231,44.64,55.62,996,2024-10-28,15:00,3,https://elezioni.interno.gov.it/risultati/20241117/regionali/votanti/italia/070340360,-19.74
Regionali Speciali,Moneglia,Genova,Liguria,1554,1489,3043,41.37,48.06,1259,2024-10-28,15:00,3,https://elezioni.interno.gov.it/risultati/20241117/regionali/votanti/italia/070340370,-13.92
Regionali Speciali,Montebruno,Genova,Liguria,100,95,195,42.05,47.78,82,2024-10-28,15:00,3,https://elezioni.interno.gov.it/risultati/20241117/regionali/votanti/italia/070340380,-11.99
Regionali Speciali,Montoggio,Genova,Liguria,935,943,1878,44.09,51.62,828,2024-10-28,15:00,3,https://elezioni.interno.gov.it/risultati/20241117/regionali/votanti/italia/070340390,-14.59
Regionali Speciali,Ne,Genova,Liguria,1193,1230,2423,36.57,45.87,886,2024-10-28,15:00,3,https://elezioni.interno.gov.it/risultati/20241117/regionali/votanti/italia/070340400,-20.27
Regionali Speciali,Neirone,Genova,Liguria,440,481,921,38.33,49.87,353,2024-10-28,15:00,3,https://elezioni.interno.gov.it/risultati/20241117/regionali/votanti/italia/070340410,-23.14
Regionali Speciali,Orero,Genova,Liguria,259,266,525,44.95,49.62,236,2024-10-28,15:00,3,https://elezioni.interno.gov.it/risultati/20241117/regionali/votanti/italia/070340420,-9.41
Regionali Speciali,Pieve Ligure,Genova,Liguria,1463,1394,2857,43.65,48.49,1247,2024-10-28,15:00,3,https://elezioni.interno.gov.it/risultati/20241117/regionali/votanti/italia/070340430,-9.98
Regionali Speciali,Portofino,Genova,Liguria,428,413,841,20.45,63.2,172,2024-10-28,15:00,3,https://elezioni.interno.gov.it/risultati/20241117/regionali/votanti/italia/070340440,-67.64
Regionali Speciali,Propata,Genova,Liguria,77,85,162,33.33,42.47,54,2024-10-28,15:00,3,https://elezioni.interno.gov.it/risultati/20241117/regionali/votanti/italia/070340450,-21.52
Regionali Speciali,Rapallo,Genova,Liguria,15345,13941,29286,38.08,46.54,11153,2024-10-28,15:00,3,https://elezioni.interno.gov.it/risultati/20241117/regionali/votanti/italia/070340460,-18.18
Regionali Speciali,Recco,Genova,Liguria,5031,4556,9587,46.56,53.82,4464,2024-10-28,15:00,3,https://elezioni.interno.gov.it/risultati/20241117/regionali/votanti/italia/070340470,-13.49
Regionali Speciali,Rezzoaglio,Genova,Liguria,381,384,765,49.8,44.06,381,2024-10-28,15:00,3,https://elezioni.interno.gov.it/risultati/20241117/regionali/votanti/italia/070340480,13.03
Regionali Speciali,Ronco Scrivia,Genova,Liguria,1951,1894,3845,44.92,59.6,1727,2024-10-28,15:00,3,https://elezioni.interno.gov.it/risultati/20241117/regionali/votanti/italia/070340490,-24.63
Regionali Speciali,Rondanina,Genova,Liguria,29,42,71,36.62,44.16,26,2024-10-28,15:00,3,https://elezioni.interno.gov.it/risultati/20241117/regionali/votanti/italia/070340500,-17.07
Regionali Speciali,Rossiglione,Genova,Liguria,1155,1085,2240,57.68,59.83,1292,2024-10-28,15:00,3,https://elezioni.interno.gov.it/risultati/20241117/regionali/votanti/italia/070340510,-3.59
Regionali Speciali,Rovegno,Genova,Liguria,176,240,416,55.29,58.41,230,2024-10-28,15:00,3,https://elezioni.interno.gov.it/risultati/20241117/regionali/votanti/italia/070340520,-5.34
Regionali Speciali,San Colombano Certenoli,Genova,Liguria,1455,1453,2908,34.94,50.64,1016,2024-10-28,15:00,3,https://elezioni.interno.gov.it/risultati/20241117/regionali/votanti/italia/070340530,-31.0
Regionali Speciali,Santa Margherita Ligure,Genova,Liguria,5173,4631,9804,37.06,45.32,3633,2024-10-28,15:00,3,https://elezioni.interno.gov.it/risultati/20241117/regionali/votanti/italia/070340540,-18.23
Regionali Speciali,Sant'Olcese,Genova,Liguria,2471,2414,4885,61.31,70.5,2995,2024-10-28,15:00,3,https://elezioni.interno.gov.it/risultati/20241117/regionali/votanti/italia/070340550,-13.04
Regionali Speciali,Santo Stefano D'Aveto,Genova,Liguria,439,474,913,54.0,48.32,493,2024-10-28,15:00,3,https://elezioni.interno.gov.it/risultati/20241117/regionali/votanti/italia/070340560,11.75
Regionali Speciali,Savignone,Genova,Liguria,1422,1405,2827,46.41,53.89,1312,2024-10-28,15:00,3,https://elezioni.interno.gov.it/risultati/20241117/regionali/votanti/italia/070340570,-13.88
Regionali Speciali,Serra Riccò,Genova,Liguria,3514,3432,6946,51.08,58.21,3548,2024-10-28,15:00,3,https://elezioni.interno.gov.it/risultati/20241117/regionali/votanti/italia/070340580,-12.25
Regionali Speciali,Sestri Levante,Genova,Liguria,8952,8147,17099,44.56,51.38,7619,2024-10-28,15:00,3,https://elezioni.interno.gov.it/risultati/20241117/regionali/votanti/italia/070340590,-13.27
Regionali Speciali,Sori,Genova,Liguria,2349,2227,4576,42.2,52.45,1931,2024-10-28,15:00,3,https://elezioni.interno.gov.it/risultati/20241117/regionali/votanti/italia/070340600,-19.54
Regionali Speciali,Tiglieto,Genova,Liguria,541,512,1053,23.93,28.14,252,2024-10-28,15:00,3,https://elezioni.interno.gov.it/risultati/20241117/regionali/votanti/italia/070340610,-14.96
Regionali Speciali,Torriglia,Genova,Liguria,1095,1098,2193,44.32,62.13,972,2024-10-28,15:00,3,https://elezioni.interno.gov.it/risultati/20241117/regionali/votanti/italia/070340620,-28.67
Regionali Speciali,Tribogna,Genova,Liguria,313,323,636,35.69,50.0,227,2024-10-28,15:00,3,https://elezioni.interno.gov.it/risultati/20241117/regionali/votanti/italia/070340630,-28.62
Regionali Speciali,Uscio,Genova,Liguria,955,938,1893,44.9,56.16,850,2024-10-28,15:00,3,https://elezioni.interno.gov.it/risultati/20241117/regionali/votanti/italia/070340640,-20.05
Regionali Speciali,Valbrevenna,Genova,Liguria,394,469,863,39.51,50.24,341,2024-10-28,15:00,3,https://elezioni.interno.gov.it/risultati/20241117/regionali/votanti/italia/070340650,-21.36
Regionali Speciali,Vobbia,Genova,Liguria,173,207,380,46.58,72.03,177,2024-10-28,15:00,3,https://elezioni.interno.gov.it/risultati/20241117/regionali/votanti/italia/070340660,-35.33
Regionali Speciali,Zoagli,Genova,Liguria,2066,2035,4101,23.95,39.43,982,2024-10-28,15:00,3,https://elezioni.interno.gov.it/risultati/20241117/regionali/votanti/italia/070340670,-39.26
Regionali Speciali,Airole,Imperia,Liguria,115,147,262,57.63,57.81,151,2024-10-28,15:00,3,https://elezioni.interno.gov.it/risultati/20241117/regionali/votanti/italia/070370010,-0.31
Regionali Speciali,Apricale,Imperia,Liguria,206,240,446,30.04,45.78,134,2024-10-28,15:00,3,https://elezioni.interno.gov.it/risultati/20241117/regionali/votanti/italia/070370020,-34.38
Regionali Speciali,Aquila D'Arroscia,Imperia,Liguria,76,97,173,52.02,71.93,90,2024-10-28,15:00,3,https://elezioni.interno.gov.it/risultati/20241117/regionali/votanti/italia/070370030,-27.68
Regionali Speciali,Armo,Imperia,Liguria,46,39,85,61.18,65.56,52,2024-10-28,15:00,3,https://elezioni.interno.gov.it/risultati/20241117/regionali/votanti/italia/070370040,-6.68
Regionali Speciali,Aurigo,Imperia,Liguria,133,138,271,59.41,82.42,161,2024-10-28,15:00,3,https://elezioni.interno.gov.it/risultati/20241117/regionali/votanti/italia/070370041,-27.92
Regionali Speciali,Badalucco,Imperia,Liguria,468,460,928,40.95,53.94,380,2024-10-28,15:00,3,https://elezioni.interno.gov.it/risultati/20241117/regionali/votanti/italia/070370050,-24.08
Regionali Speciali,Bajardo,Imperia,Liguria,123,135,258,43.02,51.58,111,2024-10-28,15:00,3,https://elezioni.interno.gov.it/risultati/20241117/regionali/votanti/italia/070370060,-16.6
Regionali Speciali,Bordighera,Imperia,Liguria,4878,4400,9278,37.09,46.08,3441,2024-10-28,15:00,3,https://elezioni.interno.gov.it/risultati/20241117/regionali/votanti/italia/070370070,-19.51
Regionali Speciali,Borghetto D'Arroscia,Imperia,Liguria,139,179,318,40.57,53.47,129,2024-10-28,15:00,3,https://elezioni.interno.gov.it/risultati/20241117/regionali/votanti/italia/070370080,-24.13
Regionali Speciali,Borgomaro,Imperia,Liguria,315,334,649,44.53,55.38,289,2024-10-28,15:00,3,https://elezioni.interno.gov.it/risultati/20241117/regionali/votanti/italia/070370090,-19.59
Regionali Speciali,Camporosso,Imperia,Liguria,2398,2369,4767,37.51,54.57,1788,2024-10-28,15:00,3,https://elezioni.interno.gov.it/risultati/20241117/regionali/votanti/italia/070370100,-31.26
Regionali Speciali,Caravonica,Imperia,Liguria,81,105,186,69.89,62.07,130,2024-10-28,15:00,3,https://elezioni.interno.gov.it/risultati/20241117/regionali/votanti/italia/070370110,12.6
Regionali Speciali,Castellaro,Imperia,Liguria,545,532,1077,42.06,57.29,453,2024-10-28,15:00,3,https://elezioni.interno.gov.it/risultati/20241117/regionali/votanti/italia/070370130,-26.58
Regionali Speciali,Castel Vittorio,Imperia,Liguria,113,136,249,41.37,46.79,103,2024-10-28,15:00,3,https://elezioni.interno.gov.it/risultati/20241117/regionali/votanti/italia/070370140,-11.58
Regionali Speciali,Ceriana,Imperia,Liguria,424,484,908,29.52,46.45,268,2024-10-28,15:00,3,https://elezioni.interno.gov.it/risultati/20241117/regionali/votanti/italia/070370150,-36.45
Regionali Speciali,Cervo,Imperia,Liguria,526,494,1020,33.92,50.0,346,2024-10-28,15:00,3,https://elezioni.interno.gov.it/risultati/20241117/regionali/votanti/italia/070370160,-32.16
Regionali Speciali,Cesio,Imperia,Liguria,107,121,228,45.61,63.3,104,2024-10-28,15:00,3,https://elezioni.interno.gov.it/risultati/20241117/regionali/votanti/italia/070370170,-27.95
Regionali Speciali,Chiusanico,Imperia,Liguria,261,277,538,48.14,56.77,259,2024-10-28,15:00,3,https://elezioni.interno.gov.it/risultati/20241117/regionali/votanti/italia/070370180,-15.2
Regionali Speciali,Chiusavecchia,Imperia,Liguria,188,182,370,44.59,56.82,165,2024-10-28,15:00,3,https://elezioni.interno.gov.it/risultati/20241117/regionali/votanti/italia/070370190,-21.52
Regionali Speciali,Cipressa,Imperia,Liguria,496,489,985,45.38,56.03,447,2024-10-28,15:00,3,https://elezioni.interno.gov.it/risultati/20241117/regionali/votanti/italia/070370200,-19.01
Regionali Speciali,Civezza,Imperia,Liguria,243,229,472,47.03,64.63,222,2024-10-28,15:00,3,https://elezioni.interno.gov.it/risultati/20241117/regionali/votanti/italia/070370210,-27.23
Regionali Speciali,Cosio D'Arroscia,Imperia,Liguria,83,69,152,66.45,63.8,101,2024-10-28,15:00,3,https://elezioni.interno.gov.it/risultati/20241117/regionali/votanti/italia/070370220,4.15
Regionali Speciali,Costarainera,Imperia,Liguria,331,318,649,49.0,56.34,318,2024-10-28,15:00,3,https://elezioni.interno.gov.it/risultati/20241117/regionali/votanti/italia/070370221,-13.03
Regionali Speciali,Diano Arentino,Imperia,Liguria,300,334,634,33.28,46.58,211,2024-10-28,15:00,3,https://elezioni.interno.gov.it/risultati/20241117/regionali/votanti/italia/070370230,-28.55
Regionali Speciali,Diano Castello,Imperia,Liguria,948,907,1855,38.17,48.28,708,2024-10-28,15:00,3,https://elezioni.interno.gov.it/risultati/20241117/regionali/votanti/italia/070370240,-20.94
Regionali Speciali,Diano Marina,Imperia,Liguria,2753,2395,5148,37.61,49.41,1936,2024-10-28,15:00,3,https://elezioni.interno.gov.it/risultati/20241117/regionali/votanti/italia/070370250,-23.88
Regionali Speciali,Diano San Pietro,Imperia,Liguria,450,439,889,43.31,53.93,385,2024-10-28,15:00,3,https://elezioni.interno.gov.it/risultati/20241117/regionali/votanti/italia/070370260,-19.69
Regionali Speciali,Dolceacqua,Imperia,Liguria,946,943,1889,36.42,49.71,688,2024-10-28,15:00,3,https://elezioni.interno.gov.it/risultati/20241117/regionali/votanti/italia/070370270,-26.74
Regionali Speciali,Dolcedo,Imperia,Liguria,492,526,1018,43.03,50.67,438,2024-10-28,15:00,3,https://elezioni.interno.gov.it/risultati/20241117/regionali/votanti/italia/070370280,-15.08
Regionali Speciali,Imperia,Imperia,Liguria,17849,16462,34311,43.96,53.53,15082,2024-10-28,15:00,3,https://elezioni.interno.gov.it/risultati/20241117/regionali/votanti/italia/070370290,-17.88
Regionali Speciali,Isolabona,Imperia,Liguria,289,296,585,40.68,50.0,238,2024-10-28,15:00,3,https://elezioni.interno.gov.it/risultati/20241117/regionali/votanti/italia/070370300,-18.64
Regionali Speciali,Lucinasco,Imperia,Liguria,109,108,217,47.0,53.3,102,2024-10-28,15:00,3,https://elezioni.interno.gov.it/risultati/20241117/regionali/votanti/italia/070370301,-11.82
Regionali Speciali,Mendatica,Imperia,Liguria,65,89,154,62.34,67.07,96,2024-10-28,15:00,3,https://elezioni.interno.gov.it/risultati/20241117/regionali/votanti/italia/070370310,-7.05
Regionali Speciali,Molini Di Triora,Imperia,Liguria,227,251,478,33.89,55.51,162,2024-10-28,15:00,3,https://elezioni.interno.gov.it/risultati/20241117/regionali/votanti/italia/070370320,-38.95
Regionali Speciali,Montalto Carpasio,Imperia,Liguria,219,253,472,35.17,49.22,166,2024-10-28,15:00,3,https://elezioni.interno.gov.it/risultati/20241117/regionali/votanti/italia/070370325,-28.55
Regionali Speciali,Montegrosso Pian Latte,Imperia,Liguria,54,47,101,76.24,79.44,77,2024-10-28,15:00,3,https://elezioni.interno.gov.it/risultati/20241117/regionali/votanti/italia/070370340,-4.03
Regionali Speciali,Olivetta San Michele,Imperia,Liguria,98,114,212,33.49,50.24,71,2024-10-28,15:00,3,https://elezioni.interno.gov.it/risultati/20241117/regionali/votanti/italia/070370350,-33.34
Regionali Speciali,Ospedaletti,Imperia,Liguria,1485,1399,2884,36.72,49.91,1059,2024-10-28,15:00,3,https://elezioni.interno.gov.it/risultati/20241117/regionali/votanti/italia/070370360,-26.43
Regionali Speciali,Perinaldo,Imperia,Liguria,331,369,700,28.71,67.03,201,2024-10-28,15:00,3,https://elezioni.interno.gov.it/risultati/20241117/regionali/votanti/italia/070370370,-57.17
Regionali Speciali,Pietrabruna,Imperia,Liguria,141,172,313,50.48,78.86,158,2024-10-28,15:00,3,https://elezioni.interno.gov.it/risultati/20241117/regionali/votanti/italia/070370380,-35.99
Regionali Speciali,Pieve Di Teco,Imperia,Liguria,529,529,1058,40.45,56.07,428,2024-10-28,15:00,3,https://elezioni.interno.gov.it/risultati/20241117/regionali/votanti/italia/070370390,-27.86
Regionali Speciali,Pigna,Imperia,Liguria,345,372,717,37.8,44.84,271,2024-10-28,15:00,3,https://elezioni.interno.gov.it/risultati/20241117/regionali/votanti/italia/070370400,-15.7
Regionali Speciali,Pompeiana,Imperia,Liguria,348,348,696,39.8,56.65,277,2024-10-28,15:00,3,https://elezioni.interno.gov.it/risultati/20241117/regionali/votanti/italia/070370410,-29.74
Regionali Speciali,Pontedassio,Imperia,Liguria,919,919,1838,50.22,58.69,923,2024-10-28,15:00,3,https://elezioni.interno.gov.it/risultati/20241117/regionali/votanti/italia/070370420,-14.43
Regionali Speciali,Pornassio,Imperia,Liguria,217,257,474,37.34,56.47,177,2024-10-28,15:00,3,https://elezioni.interno.gov.it/risultati/20241117/regionali/votanti/italia/070370430,-33.88
Regionali Speciali,Prelà,Imperia,Liguria,189,212,401,40.65,50.0,163,2024-10-28,15:00,3,https://elezioni.interno.gov.it/risultati/20241117/regionali/votanti/italia/070370440,-18.7
Regionali Speciali,Ranzo,Imperia,Liguria,226,209,435,41.15,51.85,179,2024-10-28,15:00,3,https://elezioni.interno.gov.it/risultati/20241117/regionali/votanti/italia/070370450,-20.64
Regionali Speciali,Rezzo,Imperia,Liguria,127,137,264,51.89,56.0,137,2024-10-28,15:00,3,https://elezioni.interno.gov.it/risultati/20241117/regionali/votanti/italia/070370460,-7.34
Regionali Speciali,Riva Ligure,Imperia,Liguria,1196,1164,2360,38.94,52.77,919,2024-10-28,15:00,3,https://elezioni.interno.gov.it/risultati/20241117/regionali/votanti/italia/070370461,-26.21
Regionali Speciali,Rocchetta Nervina,Imperia,Liguria,104,109,213,47.89,65.37,102,2024-10-28,15:00,3,https://elezioni.interno.gov.it/risultati/20241117/regionali/votanti/italia/070370480,-26.74
Regionali Speciali,San Bartolomeo Al Mare,Imperia,Liguria,1282,1209,2491,42.63,52.36,1062,2024-10-28,15:00,3,https://elezioni.interno.gov.it/risultati/20241117/regionali/votanti/italia/070370490,-18.58
Regionali Speciali,San Biagio Della Cima,Imperia,Liguria,580,543,1123,37.31,50.54,419,2024-10-28,15:00,3,https://elezioni.interno.gov.it/risultati/20241117/regionali/votanti/italia/070370500,-26.18
Regionali Speciali,San Lorenzo Al Mare,Imperia,Liguria,559,501,1060,48.11,61.98,510,2024-10-28,15:00,3,https://elezioni.interno.gov.it/risultati/20241117/regionali/votanti/italia/070370510,-22.38
Regionali Speciali,Sanremo,Imperia,Liguria,23884,21824,45708,32.38,47.32,14799,2024-10-28,15:00,3,https://elezioni.interno.gov.it/risultati/20241117/regionali/votanti/italia/070370520,-31.57
Regionali Speciali,Santo Stefano Al Mare,Imperia,Liguria,893,874,1767,42.28,66.3,747,2024-10-28,15:00,3,https://elezioni.interno.gov.it/risultati/20241117/regionali/votanti/italia/070370521,-36.23
Regionali Speciali,Seborga,Imperia,Liguria,118,111,229,47.16,60.5,108,2024-10-28,15:00,3,https://elezioni.interno.gov.it/risultati/20241117/regionali/votanti/italia/070370530,-22.05
Regionali Speciali,Soldano,Imperia,Liguria,382,412,794,39.92,53.8,317,2024-10-28,15:00,3,https://elezioni.interno.gov.it/risultati/20241117/regionali/votanti/italia/070370540,-25.8
Regionali Speciali,Taggia,Imperia,Liguria,6058,5437,11495,40.95,52.95,4707,2024-10-28,15:00,3,https://elezioni.interno.gov.it/risultati/20241117/regionali/votanti/italia/070370550,-22.66
Regionali Speciali,Terzorio,Imperia,Liguria,92,95,187,56.68,73.44,106,2024-10-28,15:00,3,https://elezioni.interno.gov.it/risultati/20241117/regionali/votanti/italia/070370560,-22.82
Regionali Speciali,Triora,Imperia,Liguria,148,177,325,39.69,57.81,129,2024-10-28,15:00,3,https://elezioni.interno.gov.it/risultati/20241117/regionali/votanti/italia/070370570,-31.34
Regionali Speciali,Vallebona,Imperia,Liguria,536,557,1093,35.68,47.56,390,2024-10-28,15:00,3,https://elezioni.interno.gov.it/risultati/20241117/regionali/votanti/italia/070370580,-24.98
Regionali Speciali,Vallecrosia,Imperia,Liguria,3137,2910,6047,41.13,48.73,2487,2024-10-28,15:00,3,https://elezioni.interno.gov.it/risultati/20241117/regionali/votanti/italia/070370590,-15.6
Regionali Speciali,Vasia,Imperia,Liguria,141,143,284,51.06,64.26,145,2024-10-28,15:00,3,https://elezioni.interno.gov.it/risultati/20241117/regionali/votanti/italia/070370600,-20.54
Regionali Speciali,Ventimiglia,Imperia,Liguria,10793,10471,21264,33.31,42.62,7082,2024-10-28,15:00,3,https://elezioni.interno.gov.it/risultati/20241117/regionali/votanti/italia/070370610,-21.84
Regionali Speciali,Vessalico,Imperia,Liguria,88,108,196,45.92,54.6,90,2024-10-28,15:00,3,https://elezioni.interno.gov.it/risultati/20241117/regionali/votanti/italia/070370620,-15.9
Regionali Speciali,Villa Faraldi,Imperia,Liguria,179,181,360,34.17,56.9,123,2024-10-28,15:00,3,https://elezioni.interno.gov.it/risultati/20241117/regionali/votanti/italia/070370630,-39.95
Regionali Speciali,Ameglia,La Spezia,Liguria,1913,1859,3772,47.93,55.16,1808,2024-10-28,15:00,3,https://elezioni.interno.gov.it/risultati/20241117/regionali/votanti/italia/070390010,-13.11
Regionali Speciali,Arcola,La Spezia,Liguria,4367,4125,8492,46.27,55.72,3929,2024-10-28,15:00,3,https://elezioni.interno.gov.it/risultati/20241117/regionali/votanti/italia/070390020,-16.96
Regionali Speciali,Beverino,La Spezia,Liguria,1184,1135,2319,47.65,50.41,1105,2024-10-28,15:00,3,https://elezioni.interno.gov.it/risultati/20241117/regionali/votanti/italia/070390030,-5.48
Regionali Speciali,Bolano,La Spezia,Liguria,3378,3234,6612,47.11,56.12,3115,2024-10-28,15:00,3,https://elezioni.interno.gov.it/risultati/20241117/regionali/votanti/italia/070390040,-16.05
Regionali Speciali,Bonassola,La Spezia,Liguria,407,353,760,51.58,57.04,392,2024-10-28,15:00,3,https://elezioni.interno.gov.it/risultati/20241117/regionali/votanti/italia/070390050,-9.57
Regionali Speciali,Borghetto Di Vara,La Spezia,Liguria,568,569,1137,37.64,43.71,428,2024-10-28,15:00,3,https://elezioni.interno.gov.it/risultati/20241117/regionali/votanti/italia/070390060,-13.89
Regionali Speciali,Brugnato,La Spezia,Liguria,596,579,1175,58.21,61.89,684,2024-10-28,15:00,3,https://elezioni.interno.gov.it/risultati/20241117/regionali/votanti/italia/070390070,-5.95
Regionali Speciali,Calice Al Cornoviglio,La Spezia,Liguria,678,706,1384,30.56,38.09,423,2024-10-28,15:00,3,https://elezioni.interno.gov.it/risultati/20241117/regionali/votanti/italia/070390080,-19.77
Regionali Speciali,Carro,La Spezia,Liguria,311,314,625,38.4,42.31,240,2024-10-28,15:00,3,https://elezioni.interno.gov.it/risultati/20241117/regionali/votanti/italia/070390090,-9.24
Regionali Speciali,Carrodano,La Spezia,Liguria,275,278,553,42.86,53.75,237,2024-10-28,15:00,3,https://elezioni.interno.gov.it/risultati/20241117/regionali/votanti/italia/070390100,-20.26
Regionali Speciali,Castelnuovo Magra,La Spezia,Liguria,3662,3498,7160,45.2,55.71,3236,2024-10-28,15:00,3,https://elezioni.interno.gov.it/risultati/20241117/regionali/votanti/italia/070390110,-18.87
Regionali Speciali,Deiva Marina,La Spezia,Liguria,824,814,1638,39.44,44.9,646,2024-10-28,15:00,3,https://elezioni.interno.gov.it/risultati/20241117/regionali/votanti/italia/070390120,-12.16
Regionali Speciali,Follo,La Spezia,Liguria,2697,2613,5310,47.85,52.02,2541,2024-10-28,15:00,3,https://elezioni.interno.gov.it/risultati/20241117/regionali/votanti/italia/070390130,-8.02
Regionali Speciali,Framura,La Spezia,Liguria,353,348,701,43.94,51.41,308,2024-10-28,15:00,3,https://elezioni.interno.gov.it/risultati/20241117/regionali/votanti/italia/070390140,-14.53
Regionali Speciali,La Spezia,La Spezia,Liguria,39021,35377,74398,47.68,52.09,35473,2024-10-28,15:00,3,https://elezioni.interno.gov.it/risultati/20241117/regionali/votanti/italia/070390150,-8.47
Regionali Speciali,Lerici,La Spezia,Liguria,4583,4245,8828,51.13,64.23,4514,2024-10-28,15:00,3,https://elezioni.interno.gov.it/risultati/20241117/regionali/votanti/italia/070390160,-20.4
Regionali Speciali,Levanto,La Spezia,Liguria,2511,2333,4844,50.19,69.49,2431,2024-10-28,15:00,3,https://elezioni.interno.gov.it/risultati/20241117/regionali/votanti/italia/070390170,-27.77
Regionali Speciali,Maissana,La Spezia,Liguria,269,339,608,38.16,49.68,232,2024-10-28,15:00,3,https://elezioni.interno.gov.it/risultati/20241117/regionali/votanti/italia/070390180,-23.19
Regionali Speciali,Monterosso Al Mare,La Spezia,Liguria,1043,937,1980,30.56,34.6,605,2024-10-28,15:00,3,https://elezioni.interno.gov.it/risultati/20241117/regionali/votanti/italia/070390190,-11.68
Regionali Speciali,Luni,La Spezia,Liguria,3532,3467,6999,42.52,53.84,2976,2024-10-28,15:00,3,https://elezioni.interno.gov.it/risultati/20241117/regionali/votanti/italia/070390200,-21.03
Regionali Speciali,Pignone,La Spezia,Liguria,474,479,953,31.06,34.37,296,2024-10-28,15:00,3,https://elezioni.interno.gov.it/risultati/20241117/regionali/votanti/italia/070390210,-9.63
Regionali Speciali,Portovenere,La Spezia,Liguria,1592,1632,3224,46.99,53.71,1515,2024-10-28,15:00,3,https://elezioni.interno.gov.it/risultati/20241117/regionali/votanti/italia/070390220,-12.51
Regionali Speciali,Riccò Del Golfo Di Spezia,La Spezia,Liguria,1715,1662,3377,43.97,51.76,1485,2024-10-28,15:00,3,https://elezioni.interno.gov.it/risultati/20241117/regionali/votanti/italia/070390230,-15.05
Regionali Speciali,Riomaggiore,La Spezia,Liguria,739,753,1492,48.39,51.14,722,2024-10-28,15:00,3,https://elezioni.interno.gov.it/risultati/20241117/regionali/votanti/italia/070390240,-5.38
Regionali Speciali,Rocchetta Di Vara,La Spezia,Liguria,324,374,698,45.99,51.33,321,2024-10-28,15:00,3,https://elezioni.interno.gov.it/risultati/20241117/regionali/votanti/italia/070390250,-10.4
Regionali Speciali,Santo Stefano Di Magra,La Spezia,Liguria,4153,4016,8169,48.81,57.24,3987,2024-10-28,15:00,3,https://elezioni.interno.gov.it/risultati/20241117/regionali/votanti/italia/070390260,-14.73
Regionali Speciali,Sarzana,La Spezia,Liguria,9612,8922,18534,49.76,57.54,9223,2024-10-28,15:00,3,https://elezioni.interno.gov.it/risultati/20241117/regionali/votanti/italia/070390270,-13.52
Regionali Speciali,Sesta Godano,La Spezia,Liguria,806,801,1607,45.24,44.11,727,2024-10-28,15:00,3,https://elezioni.interno.gov.it/risultati/20241117/regionali/votanti/italia/070390280,2.56
Regionali Speciali,Varese Ligure,La Spezia,Liguria,1006,1013,2019,45.22,52.5,913,2024-10-28,15:00,3,https://elezioni.interno.gov.it/risultati/20241117/regionali/votanti/italia/070390290,-13.87
Regionali Speciali,Vernazza,La Spezia,Liguria,466,461,927,42.5,48.06,394,2024-10-28,15:00,3,https://elezioni.interno.gov.it/risultati/20241117/regionali/votanti/italia/070390300,-11.57
Regionali Speciali,Vezzano Ligure,La Spezia,Liguria,3145,2923,6068,50.64,58.21,3073,2024-10-28,15:00,3,https://elezioni.interno.gov.it/risultati/20241117/regionali/votanti/italia/070390310,-13.0
Regionali Speciali,Zignago,La Spezia,Liguria,211,228,439,58.09,66.67,255,2024-10-28,15:00,3,https://elezioni.interno.gov.it/risultati/20241117/regionali/votanti/italia/070390320,-12.87
Regionali Speciali,Alassio,Savona,Liguria,5013,4409,9422,41.55,50.69,3915,2024-10-28,15:00,3,https://elezioni.interno.gov.it/risultati/20241117/regionali/votanti/italia/070740010,-18.03
Regionali Speciali,Albenga,Savona,Liguria,10007,9328,19335,46.49,57.35,8989,2024-10-28,15:00,3,https://elezioni.interno.gov.it/risultati/20241117/regionali/votanti/italia/070740020,-18.94
Regionali Speciali,Albissola Marina,Savona,Liguria,2536,2270,4806,53.02,60.96,2548,2024-10-28,15:00,3,https://elezioni.interno.gov.it/risultati/20241117/regionali/votanti/italia/070740030,-13.02
Regionali Speciali,Albisola Superiore,Savona,Liguria,4690,4170,8860,48.97,52.68,4339,2024-10-28,15:00,3,https://elezioni.interno.gov.it/risultati/20241117/regionali/votanti/italia/070740040,-7.04
Regionali Speciali,Altare,Savona,Liguria,966,911,1877,32.07,50.56,602,2024-10-28,15:00,3,https://elezioni.interno.gov.it/risultati/20241117/regionali/votanti/italia/070740050,-36.57
Regionali Speciali,Andora,Savona,Liguria,3319,3104,6423,43.66,58.53,2804,2024-10-28,15:00,3,https://elezioni.interno.gov.it/risultati/20241117/regionali/votanti/italia/070740060,-25.41
Regionali Speciali,Arnasco,Savona,Liguria,238,253,491,46.03,56.16,226,2024-10-28,15:00,3,https://elezioni.interno.gov.it/risultati/20241117/regionali/votanti/italia/070740070,-18.04
Regionali Speciali,Balestrino,Savona,Liguria,323,310,633,37.12,46.71,235,2024-10-28,15:00,3,https://elezioni.interno.gov.it/risultati/20241117/regionali/votanti/italia/070740080,-20.53
Regionali Speciali,Bardineto,Savona,Liguria,377,374,751,37.42,49.79,281,2024-10-28,15:00,3,https://elezioni.interno.gov.it/risultati/20241117/regionali/votanti/italia/070740090,-24.84
Regionali Speciali,Bergeggi,Savona,Liguria,504,483,987,54.2,66.36,535,2024-10-28,15:00,3,https://elezioni.interno.gov.it/risultati/20241117/regionali/votanti/italia/070740100,-18.32
Regionali Speciali,Boissano,Savona,Liguria,1140,1142,2282,45.66,60.41,1042,2024-10-28,15:00,3,https://elezioni.interno.gov.it/risultati/20241117/regionali/votanti/italia/070740110,-24.42
Regionali Speciali,Borghetto Santo Spirito,Savona,Liguria,2077,1852,3929,39.76,50.06,1562,2024-10-28,15:00,3,https://elezioni.interno.gov.it/risultati/20241117/regionali/votanti/italia/070740120,-20.58
Regionali Speciali,Borgio Verezzi,Savona,Liguria,1082,993,2075,43.23,52.85,897,2024-10-28,15:00,3,https://elezioni.interno.gov.it/risultati/20241117/regionali/votanti/italia/070740130,-18.2
Regionali Speciali,Bormida,Savona,Liguria,307,304,611,22.59,37.68,138,2024-10-28,15:00,3,https://elezioni.interno.gov.it/risultati/20241117/regionali/votanti/italia/070740140,-40.05
Regionali Speciali,Cairo Montenotte,Savona,Liguria,5622,5409,11031,34.78,54.69,3837,2024-10-28,15:00,3,https://elezioni.interno.gov.it/risultati/20241117/regionali/votanti/italia/070740150,-36.41
Regionali Speciali,Calice Ligure,Savona,Liguria,912,885,1797,41.46,51.22,745,2024-10-28,15:00,3,https://elezioni.interno.gov.it/risultati/20241117/regionali/votanti/italia/070740160,-19.06
Regionali Speciali,Calizzano,Savona,Liguria,777,749,1526,35.71,49.69,545,2024-10-28,15:00,3,https://elezioni.interno.gov.it/risultati/20241117/regionali/votanti/italia/070740170,-28.13
Regionali Speciali,Carcare,Savona,Liguria,2516,2165,4681,43.69,58.48,2045,2024-10-28,15:00,3,https://elezioni.interno.gov.it/risultati/20241117/regionali/votanti/italia/070740180,-25.29
Regionali Speciali,Casanova Lerrone,Savona,Liguria,292,279,571,38.35,52.81,219,2024-10-28,15:00,3,https://elezioni.interno.gov.it/risultati/20241117/regionali/votanti/italia/070740190,-27.38
Regionali Speciali,Castelbianco,Savona,Liguria,155,139,294,45.24,55.36,133,2024-10-28,15:00,3,https://elezioni.interno.gov.it/risultati/20241117/regionali/votanti/italia/070740200,-18.28
Regionali Speciali,Castelvecchio Di Rocca Barbena,Savona,Liguria,65,93,158,46.84,49.1,74,2024-10-28,15:00,3,https://elezioni.interno.gov.it/risultati/20241117/regionali/votanti/italia/070740210,-4.6
Regionali Speciali,Celle Ligure,Savona,Liguria,2350,2186,4536,50.99,59.35,2313,2024-10-28,15:00,3,https://elezioni.interno.gov.it/risultati/20241117/regionali/votanti/italia/070740220,-14.09
Regionali Speciali,Cengio,Savona,Liguria,1444,1346,2790,44.77,55.07,1249,2024-10-28,15:00,3,https://elezioni.interno.gov.it/risultati/20241117/regionali/votanti/italia/070740230,-18.7
Regionali Speciali,Ceriale,Savona,Liguria,2403,2206,4609,41.85,54.4,1929,2024-10-28,15:00,3,https://elezioni.interno.gov.it/risultati/20241117/regionali/votanti/italia/070740240,-23.07
Regionali Speciali,Cisano Sul Neva,Savona,Liguria,920,862,1782,56.0,64.58,998,2024-10-28,15:00,3,https://elezioni.interno.gov.it/risultati/20241117/regionali/votanti/italia/070740250,-13.29
Regionali Speciali,Cosseria,Savona,Liguria,546,539,1085,42.67,53.26,463,2024-10-28,15:00,3,https://elezioni.interno.gov.it/risultati/20241117/regionali/votanti/italia/070740260,-19.88
Regionali Speciali,Dego,Savona,Liguria,1288,1180,2468,24.23,38.74,598,2024-10-28,15:00,3,https://elezioni.interno.gov.it/risultati/20241117/regionali/votanti/italia/070740270,-37.45
Regionali Speciali,Erli,Savona,Liguria,148,156,304,33.22,40.65,101,2024-10-28,15:00,3,https://elezioni.interno.gov.it/risultati/20241117/regionali/votanti/italia/070740280,-18.28
Regionali Speciali,Finale Ligure,Savona,Liguria,5544,5077,10621,42.7,52.59,4535,2024-10-28,15:00,3,https://elezioni.interno.gov.it/risultati/20241117/regionali/votanti/italia/070740290,-18.81
Regionali Speciali,Garlenda,Savona,Liguria,593,576,1169,41.15,56.7,481,2024-10-28,15:00,3,https://elezioni.interno.gov.it/risultati/20241117/regionali/votanti/italia/070740300,-27.43
Regionali Speciali,Giustenice,Savona,Liguria,451,457,908,47.47,61.37,431,2024-10-28,15:00,3,https://elezioni.interno.gov.it/risultati/20241117/regionali/votanti/italia/070740310,-22.65
Regionali Speciali,Giusvalla,Savona,Liguria,466,426,892,16.37,21.55,146,2024-10-28,15:00,3,https://elezioni.interno.gov.it/risultati/20241117/regionali/votanti/italia/070740320,-24.04
Regionali Speciali,Laigueglia,Savona,Liguria,805,755,1560,38.46,53.35,600,2024-10-28,15:00,3,https://elezioni.interno.gov.it/risultati/20241117/regionali/votanti/italia/070740330,-27.91
Regionali Speciali,Loano,Savona,Liguria,5022,4375,9397,43.6,54.72,4097,2024-10-28,15:00,3,https://elezioni.interno.gov.it/risultati/20241117/regionali/votanti/italia/070740340,-20.32
Regionali Speciali,Magliolo,Savona,Liguria,503,493,996,37.55,49.27,374,2024-10-28,15:00,3,https://elezioni.interno.gov.it/risultati/20241117/regionali/votanti/italia/070740350,-23.79
Regionali Speciali,Mallare,Savona,Liguria,593,569,1162,32.44,49.87,377,2024-10-28,15:00,3,https://elezioni.interno.gov.it/risultati/20241117/regionali/votanti/italia/070740360,-34.95
Regionali Speciali,Massimino,Savona,Liguria,54,48,102,51.96,61.7,53,2024-10-28,15:00,3,https://elezioni.interno.gov.it/risultati/20241117/regionali/votanti/italia/070740370,-15.79
Regionali Speciali,Millesimo,Savona,Liguria,1584,1437,3021,42.07,68.96,1271,2024-10-28,15:00,3,https://elezioni.interno.gov.it/risultati/20241117/regionali/votanti/italia/070740380,-38.99
Regionali Speciali,Mioglia,Savona,Liguria,349,338,687,31.44,41.0,216,2024-10-28,15:00,3,https://elezioni.interno.gov.it/risultati/20241117/regionali/votanti/italia/070740390,-23.32
Regionali Speciali,Murialdo,Savona,Liguria,429,428,857,35.94,58.67,308,2024-10-28,15:00,3,https://elezioni.interno.gov.it/risultati/20241117/regionali/votanti/italia/070740400,-38.74
Regionali Speciali,Nasino,Savona,Liguria,105,133,238,31.93,37.45,76,2024-10-28,15:00,3,https://elezioni.interno.gov.it/risultati/20241117/regionali/votanti/italia/070740410,-14.74
Regionali Speciali,Noli,Savona,Liguria,1232,1181,2413,42.27,52.75,1020,2024-10-28,15:00,3,https://elezioni.interno.gov.it/risultati/20241117/regionali/votanti/italia/070740420,-19.87
Regionali Speciali,Onzo,Savona,Liguria,97,79,176,59.66,69.19,105,2024-10-28,15:00,3,https://elezioni.interno.gov.it/risultati/20241117/regionali/votanti/italia/070740430,-13.77
Regionali Speciali,Orco Feglino,Savona,Liguria,540,505,1045,38.47,50.69,402,2024-10-28,15:00,3,https://elezioni.interno.gov.it/risultati/20241117/regionali/votanti/italia/070740440,-24.11
Regionali Speciali,Ortovero,Savona,Liguria,632,641,1273,47.29,61.79,602,2024-10-28,15:00,3,https://elezioni.interno.gov.it/risultati/20241117/regionali/votanti/italia/070740450,-23.47
Regionali Speciali,Osiglia,Savona,Liguria,305,331,636,23.9,35.88,152,2024-10-28,15:00,3,https://elezioni.interno.gov.it/risultati/20241117/regionali/votanti/italia/070740460,-33.39
Regionali Speciali,Pallare,Savona,Liguria,482,474,956,33.89,50.31,324,2024-10-28,15:00,3,https://elezioni.interno.gov.it/risultati/20241117/regionali/votanti/italia/070740470,-32.64
Regionali Speciali,Piana Crixia,Savona,Liguria,363,360,723,27.8,46.8,201,2024-10-28,15:00,3,https://elezioni.interno.gov.it/risultati/20241117/regionali/votanti/italia/070740480,-40.6
Regionali Speciali,Pietra Ligure,Savona,Liguria,3904,3532,7436,41.37,53.3,3076,2024-10-28,15:00,3,https://elezioni.interno.gov.it/risultati/20241117/regionali/votanti/italia/070740490,-22.38
Regionali Speciali,Plodio,Savona,Liguria,272,284,556,48.02,66.61,267,2024-10-28,15:00,3,https://elezioni.interno.gov.it/risultati/20241117/regionali/votanti/italia/070740500,-27.91
Regionali Speciali,Pontinvrea,Savona,Liguria,425,437,862,46.06,50.17,397,2024-10-28,15:00,3,https://elezioni.interno.gov.it/risultati/20241117/regionali/votanti/italia/070740510,-8.19
Regionali Speciali,Quiliano,Savona,Liguria,3419,3233,6652,46.47,57.17,3091,2024-10-28,15:00,3,https://elezioni.interno.gov.it/risultati/20241117/regionali/votanti/italia/070740520,-18.72
Regionali Speciali,Rialto,Savona,Liguria,341,331,672,31.1,38.68,209,2024-10-28,15:00,3,https://elezioni.interno.gov.it/risultati/20241117/regionali/votanti/italia/070740530,-19.6
Regionali Speciali,Roccavignale,Savona,Liguria,482,446,928,35.99,50.51,334,2024-10-28,15:00,3,https://elezioni.interno.gov.it/risultati/20241117/regionali/votanti/italia/070740540,-28.75
Regionali Speciali,Sassello,Savona,Liguria,1133,1104,2237,34.24,43.05,766,2024-10-28,15:00,3,https://elezioni.interno.gov.it/risultati/20241117/regionali/votanti/italia/070740550,-20.46
Regionali Speciali,Savona,Savona,Liguria,26386,23214,49600,46.72,56.1,23173,2024-10-28,15:00,3,https://elezioni.interno.gov.it/risultati/20241117/regionali/votanti/italia/070740560,-16.72
Regionali Speciali,Spotorno,Savona,Liguria,1654,1554,3208,45.07,56.0,1446,2024-10-28,15:00,3,https://elezioni.interno.gov.it/risultati/20241117/regionali/votanti/italia/070740570,-19.52
Regionali Speciali,Stella,Savona,Liguria,1505,1539,3044,41.92,53.54,1276,2024-10-28,15:00,3,https://elezioni.interno.gov.it/risultati/20241117/regionali/votanti/italia/070740580,-21.7
Regionali Speciali,Stellanello,Savona,Liguria,351,373,724,40.61,54.87,294,2024-10-28,15:00,3,https://elezioni.interno.gov.it/risultati/20241117/regionali/votanti/italia/070740590,-25.99
Regionali Speciali,Testico,Savona,Liguria,69,72,141,58.16,63.31,82,2024-10-28,15:00,3,https://elezioni.interno.gov.it/risultati/20241117/regionali/votanti/italia/070740600,-8.13
Regionali Speciali,Toirano,Savona,Liguria,1243,1220,2463,45.11,59.56,1111,2024-10-28,15:00,3,https://elezioni.interno.gov.it/risultati/20241117/regionali/votanti/italia/070740610,-24.26
Regionali Speciali,Tovo San Giacomo,Savona,Liguria,1191,1158,2349,46.49,59.13,1092,2024-10-28,15:00,3,https://elezioni.interno.gov.it/risultati/20241117/regionali/votanti/italia/070740620,-21.38
Regionali Speciali,Urbe,Savona,Liguria,390,414,804,37.06,48.3,298,2024-10-28,15:00,3,https://elezioni.interno.gov.it/risultati/20241117/regionali/votanti/italia/070740630,-23.27
Regionali Speciali,Vado Ligure,Savona,Liguria,3780,3461,7241,44.63,57.96,3232,2024-10-28,15:00,3,https://elezioni.interno.gov.it/risultati/20241117/regionali/votanti/italia/070740640,-23.0
Regionali Speciali,Varazze,Savona,Liguria,6278,5966,12244,46.26,55.47,5664,2024-10-28,15:00,3,https://elezioni.interno.gov.it/risultati/20241117/regionali/votanti/italia/070740650,-16.6
Regionali Speciali,Vendone,Savona,Liguria,155,165,320,50.31,64.99,161,2024-10-28,15:00,3,https://elezioni.interno.gov.it/risultati/20241117/regionali/votanti/italia/070740660,-22.59
Regionali Speciali,Vezzi Portio,Savona,Liguria,373,394,767,41.07,51.4,315,2024-10-28,15:00,3,https://elezioni.interno.gov.it/risultati/20241117/regionali/votanti/italia/070740670,-20.1
Regionali Speciali,Villanova D'Albenga,Savona,Liguria,1177,1180,2357,48.15,65.87,1135,2024-10-28,15:00,3,https://elezioni.interno.gov.it/risultati/20241117/regionali/votanti/italia/070740680,-26.9
Regionali Speciali,Zuccarello,Savona,Liguria,165,152,317,49.21,65.15,156,2024-10-28,15:00,3,https://elezioni.interno.gov.it/risultati/20241117/regionali/votanti/italia/070740690,-24.47
