comune,provincia,regione,MICHELE DE PASCALE_total_votes,MICHELE DE PASCALE_total_perc,ELENA UGOLINI_total_votes,ELENA UGOLINI_total_perc,left_right_index
Alto Reno Terme,Bologna,Emilia-Romagna,1240,"49,13",1204,"47,70",-0.014729950900163666
Anzola Dell'Emilia,Bologna,Emilia-Romagna,3346,"66,04",1561,"30,81",-0.3637660485021398
Argelato,Bologna,Emilia-Romagna,2536,"63,51",1327,"33,23",-0.31296919492622316
Baricella,Bologna,Emilia-Romagna,1277,"51,60",1115,"45,05",-0.0677257525083612
Bentivoglio,Bologna,Emilia-Romagna,1357,"60,15",806,"35,73",-0.2547387887193712
Bologna,Bologna,Emilia-Romagna,102589,"63,55",51567,"31,94",-0.33097641350320456
Borgo Tossignano,Bologna,Emilia-Romagna,592,"55,64",425,"39,94",-0.16420845624385447
Budrio,Bologna,Emilia-Romagna,4144,"55,41",3061,"40,93",-0.1503122831367106
Calderara Di Reno,Bologna,Emilia-Romagna,3798,"64,36",1893,"32,08",-0.33473906167633105
Camugnano,Bologna,Emilia-Romagna,351,"44,88",409,"52,30",0.07631578947368421
Casalecchio Di Reno,Bologna,Emilia-Romagna,9514,"64,51",4708,"31,93",-0.3379271551117986
Casalfiumanese,Bologna,Emilia-Romagna,700,"58,53",455,"38,04",-0.21212121212121213
Castel D'Aiano,Bologna,Emilia-Romagna,341,"42,79",423,"53,07",0.10732984293193717
Castel Del Rio,Bologna,Emilia-Romagna,248,"55,48",184,"41,16",-0.14814814814814814
Castel Di Casio,Bologna,Emilia-Romagna,660,"49,62",620,"46,62",-0.03125
Castel Guelfo Di Bologna,Bologna,Emilia-Romagna,933,"53,74",747,"43,03",-0.11071428571428571
Castello D'Argile,Bologna,Emilia-Romagna,1376,"56,91",970,"40,12",-0.17306052855924978
Castel Maggiore,Bologna,Emilia-Romagna,5307,"65,93",2435,"30,25",-0.37096357530353913
Castel San Pietro Terme,Bologna,Emilia-Romagna,5195,"59,45",3271,"37,43",-0.2272619891330026
Castenaso,Bologna,Emilia-Romagna,4717,"63,60",2486,"33,52",-0.30973205608774124
Castiglione Dei Pepoli,Bologna,Emilia-Romagna,1250,"58,22",831,"38,71",-0.20134550696780393
Crevalcore,Bologna,Emilia-Romagna,2810,"56,31",2048,"41,04",-0.1568546727048168
Dozza,Bologna,Emilia-Romagna,1212,"51,29",1073,"45,41",-0.060831509846827135
Fontanelice,Bologna,Emilia-Romagna,367,"48,93",348,"46,40",-0.026573426573426574
Gaggio Montano,Bologna,Emilia-Romagna,684,"39,20",1017,"58,28",0.19576719576719576
Galliera,Bologna,Emilia-Romagna,1006,"55,67",741,"41,01",-0.15168860904407555
Granarolo Dell'Emilia,Bologna,Emilia-Romagna,3417,"61,86",1930,"34,94",-0.27809986908546847
Grizzana Morandi,Bologna,Emilia-Romagna,855,"59,01",529,"36,51",-0.23554913294797689
Imola,Bologna,Emilia-Romagna,17092,"63,45",8974,"33,32",-0.31144019028619657
Lizzano In Belvedere,Bologna,Emilia-Romagna,406,"43,84",493,"53,24",0.0967741935483871
Loiano,Bologna,Emilia-Romagna,854,"50,18",770,"45,24",-0.05172413793103448
Malalbergo,Bologna,Emilia-Romagna,1679,"54,06",1330,"42,82",-0.11598537720172815
Marzabotto,Bologna,Emilia-Romagna,1565,"59,30",970,"36,76",-0.23471400394477318
Medicina,Bologna,Emilia-Romagna,3896,"59,58",2410,"36,86",-0.2356485886457342
Minerbio,Bologna,Emilia-Romagna,1890,"56,71",1342,"40,26",-0.16955445544554457
Molinella,Bologna,Emilia-Romagna,2434,"42,14",3182,"55,09",0.13319088319088318
Monghidoro,Bologna,Emilia-Romagna,623,"43,02",778,"53,73",0.11063526052819414
Monterenzio,Bologna,Emilia-Romagna,1125,"52,45",912,"42,52",-0.10456553755522828
Monte San Pietro,Bologna,Emilia-Romagna,2909,"59,73",1818,"37,33",-0.23080177702559762
Monzuno,Bologna,Emilia-Romagna,1171,"50,91",1060,"46,09",-0.04975347377857463
Mordano,Bologna,Emilia-Romagna,1073,"58,83",696,"38,16",-0.21311475409836064
Ozzano Dell'Emilia,Bologna,Emilia-Romagna,3692,"61,81",2056,"34,42",-0.28462073764787754
Pianoro,Bologna,Emilia-Romagna,4336,"58,64",2805,"37,94",-0.21439574289315222
Pieve Di Cento,Bologna,Emilia-Romagna,1696,"56,29",1230,"40,82",-0.15926179084073822
Sala Bolognese,Bologna,Emilia-Romagna,2081,"59,09",1329,"37,73",-0.22052785923753665
San Benedetto Val Di Sambro,Bologna,Emilia-Romagna,822,"49,91",782,"47,48",-0.02493765586034913
San Giorgio Di Piano,Bologna,Emilia-Romagna,2385,"65,06",1168,"31,86",-0.342527441598649
San Giovanni In Persiceto,Bologna,Emilia-Romagna,6731,"56,09",4912,"40,93",-0.1562312118869707
San Lazzaro Di Savena,Bologna,Emilia-Romagna,9284,"61,77",5336,"35,50",-0.27004103967168264
San Pietro In Casale,Bologna,Emilia-Romagna,2534,"57,21",1701,"38,41",-0.19669421487603306
Sant'Agata Bolognese,Bologna,Emilia-Romagna,1423,"52,16",1245,"45,64",-0.06671664167916042
Sasso Marconi,Bologna,Emilia-Romagna,3927,"59,79",2426,"36,94",-0.23626633086730678
Valsamoggia,Bologna,Emilia-Romagna,7321,"60,92",4239,"35,28",-0.26660899653979236
Vergato,Bologna,Emilia-Romagna,1258,"51,20",1132,"46,07",-0.052719665271966525
Zola Predosa,Bologna,Emilia-Romagna,5359,"62,79",2895,"33,92",-0.29852192876181244
Argenta,Ferrara,Emilia-Romagna,4050,"54,27",3245,"43,48",-0.11034955448937629
Bondeno,Ferrara,Emilia-Romagna,2096,"45,19",2451,"52,85",0.07807345502529141
Cento,Ferrara,Emilia-Romagna,5319,"42,46",6879,"54,91",0.1278898180029513
Codigoro,Ferrara,Emilia-Romagna,1353,"39,71",1911,"56,09",0.17095588235294118
Comacchio,Ferrara,Emilia-Romagna,2312,"40,67",3203,"56,34",0.16155938349954668
Copparo,Ferrara,Emilia-Romagna,2785,"48,39",2776,"48,24",-0.0016184139543247618
Ferrara,Ferrara,Emilia-Romagna,26816,"54,17",21160,"42,74",-0.11789227947306986
Fiscaglia,Ferrara,Emilia-Romagna,1345,"51,06",1179,"44,76",-0.06576862123613313
Goro,Ferrara,Emilia-Romagna,264,"19,35",1088,"79,77",0.6094674556213018
Jolanda Di Savoia,Ferrara,Emilia-Romagna,380,"48,53",362,"46,23",-0.02425876010781671
Lagosanto,Ferrara,Emilia-Romagna,553,"40,93",754,"55,81",0.15378729915837797
Masi Torello,Ferrara,Emilia-Romagna,306,"34,30",556,"62,33",0.2900232018561485
Mesola,Ferrara,Emilia-Romagna,796,"37,23",1303,"60,94",0.24154359218675558
Ostellato,Ferrara,Emilia-Romagna,868,"47,88",848,"46,77",-0.011655011655011656
Poggio Renatico,Ferrara,Emilia-Romagna,1666,"51,04",1516,"46,45",-0.04714016341923319
Portomaggiore,Ferrara,Emilia-Romagna,1743,"45,86",1962,"51,62",0.05910931174089069
Riva Del Po,Ferrara,Emilia-Romagna,908,"42,61",1166,"54,72",0.12439729990356799
Terre Del Reno,Ferrara,Emilia-Romagna,1455,"41,52",1949,"55,62",0.14512338425381904
Tresignana,Ferrara,Emilia-Romagna,1170,"50,11",1093,"46,81",-0.034025629695095004
Vigarano Mainarda,Ferrara,Emilia-Romagna,1346,"48,28",1341,"48,10",-0.0018608113137327876
Voghiera,Ferrara,Emilia-Romagna,616,"42,22",791,"54,22",0.12437810945273632
Bagno Di Romagna,Forli'-Cesena,Emilia-Romagna,1260,"55,73",957,"42,33",-0.13667117726657646
Bertinoro,Forli'-Cesena,Emilia-Romagna,2389,"61,49",1360,"35,01",-0.2744731928514271
Borghi,Forli'-Cesena,Emilia-Romagna,347,"42,47",447,"54,71",0.12594458438287154
Castrocaro Terme E Terra Del Sole,Forli'-Cesena,Emilia-Romagna,1188,"53,18",991,"44,36",-0.09040844424047728
Cesena,Forli'-Cesena,Emilia-Romagna,23422,"63,31",12630,"34,14",-0.2993453899922334
Cesenatico,Forli'-Cesena,Emilia-Romagna,4840,"51,44",4326,"45,98",-0.05607680558586079
Civitella Di Romagna,Forli'-Cesena,Emilia-Romagna,680,"50,86",630,"47,12",-0.03816793893129771
Dovadola,Forli'-Cesena,Emilia-Romagna,230,"51,80",204,"45,95",-0.059907834101382486
Forlì,Forli'-Cesena,Emilia-Romagna,24799,"58,91",16271,"38,65",-0.207645483321159
Forlimpopoli,Forli'-Cesena,Emilia-Romagna,2926,"62,49",1610,"34,39",-0.29012345679012347
Galeata,Forli'-Cesena,Emilia-Romagna,459,"54,06",364,"42,87",-0.11543134872417983
Gambettola,Forli'-Cesena,Emilia-Romagna,1991,"57,18",1379,"39,60",-0.18160237388724035
Gatteo,Forli'-Cesena,Emilia-Romagna,1473,"52,01",1258,"44,42",-0.07872574148663493
Longiano,Forli'-Cesena,Emilia-Romagna,1460,"58,82",920,"37,07",-0.226890756302521
Meldola,Forli'-Cesena,Emilia-Romagna,1710,"54,55",1333,"42,52",-0.1238908971409793
Mercato Saraceno,Forli'-Cesena,Emilia-Romagna,1224,"52,15",1084,"46,19",-0.060658578856152515
Modigliana,Forli'-Cesena,Emilia-Romagna,754,"48,06",770,"49,08",0.010498687664041995
Montiano,Forli'-Cesena,Emilia-Romagna,398,"58,02",267,"38,92",-0.19699248120300752
Portico E San Benedetto,Forli'-Cesena,Emilia-Romagna,131,"49,62",129,"48,86",-0.007692307692307693
Predappio,Forli'-Cesena,Emilia-Romagna,1037,"47,94",1077,"49,79",0.01892147587511826
Premilcuore,Forli'-Cesena,Emilia-Romagna,141,"47,47",151,"50,84",0.03424657534246575
Rocca San Casciano,Forli'-Cesena,Emilia-Romagna,368,"44,77",441,"53,65",0.09023485784919653
Roncofreddo,Forli'-Cesena,Emilia-Romagna,749,"57,22",500,"38,20",-0.19935948759007205
San Mauro Pascoli,Forli'-Cesena,Emilia-Romagna,2118,"57,48",1484,"40,27",-0.17601332593003888
Santa Sofia,Forli'-Cesena,Emilia-Romagna,1317,"69,13",562,"29,50",-0.4018094731240021
Sarsina,Forli'-Cesena,Emilia-Romagna,551,"41,49",753,"56,70",0.1549079754601227
Savignano Sul Rubicone,Forli'-Cesena,Emilia-Romagna,3068,"56,35",2217,"40,72",-0.16102175969725638
Sogliano Al Rubicone,Forli'-Cesena,Emilia-Romagna,513,"46,34",554,"50,05",0.038425492033739454
Tredozio,Forli'-Cesena,Emilia-Romagna,182,"45,61",212,"53,13",0.07614213197969544
Verghereto,Forli'-Cesena,Emilia-Romagna,260,"39,51",389,"59,12",0.1987673343605547
Bastiglia,Modena,Emilia-Romagna,880,"61,50",513,"35,85",-0.26346015793251976
Bomporto,Modena,Emilia-Romagna,1910,"55,86",1414,"41,36",-0.14921780986762936
Campogalliano,Modena,Emilia-Romagna,2083,"65,15",1015,"31,75",-0.3447385409941898
Camposanto,Modena,Emilia-Romagna,524,"45,13",605,"52,11",0.07174490699734277
Carpi,Modena,Emilia-Romagna,16855,"63,82",8837,"33,46",-0.31208158181535106
Castelfranco Emilia,Modena,Emilia-Romagna,7281,"63,09",3936,"34,10",-0.29820807702594276
Castelnuovo Rangone,Modena,Emilia-Romagna,3534,"59,65",2224,"37,54",-0.22750955192775268
Castelvetro Di Modena,Modena,Emilia-Romagna,2321,"58,55",1541,"38,87",-0.20196789228379078
Cavezzo,Modena,Emilia-Romagna,1300,"49,54",1247,"47,52",-0.020808794660384766
Concordia Sulla Secchia,Modena,Emilia-Romagna,1580,"56,23",1160,"41,28",-0.15328467153284672
Fanano,Modena,Emilia-Romagna,634,"51,76",573,"46,78",-0.050538525269262634
Finale Emilia,Modena,Emilia-Romagna,2187,"42,90",2716,"53,28",0.10789312665714869
Fiorano Modenese,Modena,Emilia-Romagna,3165,"57,84",2189,"40,00",-0.18229361225252147
Fiumalbo,Modena,Emilia-Romagna,112,"22,95",368,"75,41",0.5333333333333333
Formigine,Modena,Emilia-Romagna,8965,"63,97",4770,"34,04",-0.3054240990171096
Frassinoro,Modena,Emilia-Romagna,310,"42,70",394,"54,27",0.11931818181818182
Guiglia,Modena,Emilia-Romagna,696,"48,10",705,"48,72",0.006423982869379015
Lama Mocogno,Modena,Emilia-Romagna,452,"42,72",581,"54,91",0.12487899322362052
Maranello,Modena,Emilia-Romagna,3245,"55,18",2483,"42,22",-0.13303072625698323
Marano Sul Panaro,Modena,Emilia-Romagna,889,"48,32",895,"48,64",0.0033632286995515697
Medolla,Modena,Emilia-Romagna,1340,"53,43",1111,"44,30",-0.0934312525499796
Mirandola,Modena,Emilia-Romagna,4391,"50,95",4043,"46,91",-0.041261560350960395
Modena,Modena,Emilia-Romagna,46486,"65,85",22286,"31,57",-0.35188739603326935
Montecreto,Modena,Emilia-Romagna,168,"39,90",243,"57,72",0.18248175182481752
Montefiorino,Modena,Emilia-Romagna,382,"46,99",409,"50,31",0.03413400758533502
Montese,Modena,Emilia-Romagna,515,"42,21",677,"55,49",0.13590604026845637
Nonantola,Modena,Emilia-Romagna,4030,"66,95",1847,"30,69",-0.37144801769610347
Novi Di Modena,Modena,Emilia-Romagna,2186,"63,33",1162,"33,66",-0.3058542413381123
Palagano,Modena,Emilia-Romagna,374,"45,39",428,"51,94",0.06733167082294264
Pavullo Nel Frignano,Modena,Emilia-Romagna,2696,"42,98",3429,"54,67",0.1196734693877551
Pievepelago,Modena,Emilia-Romagna,293,"36,76",486,"60,98",0.24775353016688062
Polinago,Modena,Emilia-Romagna,224,"38,69",338,"58,38",0.20284697508896798
Prignano Sulla Secchia,Modena,Emilia-Romagna,599,"41,31",794,"54,76",0.1399856424982053
Ravarino,Modena,Emilia-Romagna,1386,"62,89",748,"33,94",-0.29896907216494845
Riolunato,Modena,Emilia-Romagna,116,"40,70",164,"57,54",0.17142857142857143
San Cesario Sul Panaro,Modena,Emilia-Romagna,1699,"64,53",844,"32,05",-0.3362170664569406
San Felice Sul Panaro,Modena,Emilia-Romagna,1673,"45,64",1906,"51,99",0.06510198379435597
San Possidonio,Modena,Emilia-Romagna,600,"49,34",590,"48,52",-0.008403361344537815
San Prospero,Modena,Emilia-Romagna,989,"53,46",794,"42,92",-0.10936623667975323
Sassuolo,Modena,Emilia-Romagna,6552,"50,58",6040,"46,63",-0.04066073697585769
Savignano Sul Panaro,Modena,Emilia-Romagna,1939,"57,74",1299,"38,68",-0.19765287214329832
Serramazzoni,Modena,Emilia-Romagna,1122,"39,93",1591,"56,62",0.1728713601179506
Sestola,Modena,Emilia-Romagna,445,"45,04",521,"52,73",0.07867494824016563
Soliera,Modena,Emilia-Romagna,3788,"64,81",1887,"32,28",-0.33497797356828196
Spilamberto,Modena,Emilia-Romagna,2832,"62,26",1565,"34,40",-0.28815101205367294
Vignola,Modena,Emilia-Romagna,4945,"53,93",3989,"43,51",-0.10700693978061339
Zocca,Modena,Emilia-Romagna,719,"45,42",825,"52,12",0.06865284974093264
Albareto,Parma,Emilia-Romagna,247,"32,76",494,"65,52",0.3333333333333333
Bardi,Parma,Emilia-Romagna,221,"30,91",475,"66,43",0.3649425287356322
Bedonia,Parma,Emilia-Romagna,356,"32,72",720,"66,18",0.3382899628252788
Berceto,Parma,Emilia-Romagna,347,"47,21",371,"50,48",0.033426183844011144
Bore,Parma,Emilia-Romagna,110,"46,03",123,"51,46",0.055793991416309016
Borgo Val Di Taro,Parma,Emilia-Romagna,1327,"50,69",1232,"47,06",-0.03712387651426338
Busseto,Parma,Emilia-Romagna,881,"41,07",1218,"56,78",0.16055264411624584
Calestano,Parma,Emilia-Romagna,250,"43,18",312,"53,89",0.1103202846975089
Collecchio,Parma,Emilia-Romagna,3008,"54,56",2327,"42,21",-0.12764761012183692
Colorno,Parma,Emilia-Romagna,1060,"47,28",1121,"50,00",0.027968821641448878
Compiano,Parma,Emilia-Romagna,129,"26,17",360,"73,02",0.4723926380368098
Corniglio,Parma,Emilia-Romagna,273,"40,21",393,"57,88",0.18018018018018017
Felino,Parma,Emilia-Romagna,1632,"51,53",1407,"44,43",-0.07403751233958539
Fidenza,Parma,Emilia-Romagna,5060,"54,58",3954,"42,65",-0.12269802529398713
Fontanellato,Parma,Emilia-Romagna,986,"43,96",1203,"53,63",0.09913202375513934
Fontevivo,Parma,Emilia-Romagna,798,"38,44",1229,"59,20",0.21262950172668968
Fornovo Di Taro,Parma,Emilia-Romagna,961,"54,76",731,"41,65",-0.1359338061465721
Langhirano,Parma,Emilia-Romagna,1470,"46,42",1607,"50,74",0.04452388690282743
Lesignano De' Bagni,Parma,Emilia-Romagna,835,"47,02",872,"49,10",0.021675454012888107
Medesano,Parma,Emilia-Romagna,1451,"41,77",1935,"55,70",0.14294152392203188
Monchio Delle Corti,Parma,Emilia-Romagna,153,"41,02",210,"56,30",0.15702479338842976
Montechiarugolo,Parma,Emilia-Romagna,2115,"52,20",1817,"44,84",-0.0757884028484232
Neviano Degli Arduini,Parma,Emilia-Romagna,592,"45,19",670,"51,15",0.061806656101426306
Noceto,Parma,Emilia-Romagna,2054,"43,24",2603,"54,80",0.11788705175005368
Palanzano,Parma,Emilia-Romagna,170,"39,72",252,"58,88",0.1943127962085308
Parma,Parma,Emilia-Romagna,36828,"55,99",27012,"41,06",-0.1537593984962406
Pellegrino Parmense,Parma,Emilia-Romagna,127,"40,97",177,"57,10",0.16447368421052633
Polesine Zibello,Parma,Emilia-Romagna,310,"35,39",546,"62,33",0.2757009345794392
Roccabianca,Parma,Emilia-Romagna,423,"48,62",411,"47,24",-0.014388489208633094
Sala Baganza,Parma,Emilia-Romagna,1118,"56,58",800,"40,49",-0.16579770594369134
Salsomaggiore Terme,Parma,Emilia-Romagna,3070,"50,39",2893,"47,48",-0.02968304544692269
San Secondo Parmense,Parma,Emilia-Romagna,961,"49,90",905,"46,99",-0.030010718113612004
Sissa Trecasali,Parma,Emilia-Romagna,1082,"45,42",1230,"51,64",0.06401384083044982
Solignano,Parma,Emilia-Romagna,253,"44,54",298,"52,46",0.08166969147005444
Soragna,Parma,Emilia-Romagna,716,"39,32",1059,"58,15",0.19323943661971832
Sorbolo Mezzani,Parma,Emilia-Romagna,2078,"52,36",1763,"44,42",-0.08200989325696434
Terenzo,Parma,Emilia-Romagna,174,"45,19",200,"51,95",0.06951871657754011
Tizzano Val Parma,Parma,Emilia-Romagna,387,"47,20",400,"48,78",0.016518424396442185
Tornolo,Parma,Emilia-Romagna,157,"37,20",263,"62,32",0.2523809523809524
Torrile,Parma,Emilia-Romagna,1054,"50,62",913,"43,85",-0.07168276563294357
Traversetolo,Parma,Emilia-Romagna,1388,"40,94",1869,"55,13",0.1476819158735032
Valmozzola,Parma,Emilia-Romagna,72,"40,45",98,"55,06",0.15294117647058825
Varano De' Melegari,Parma,Emilia-Romagna,468,"47,71",497,"50,66",0.03005181347150259
Varsi,Parma,Emilia-Romagna,151,"37,94",241,"60,55",0.22959183673469388
Agazzano,Piacenza,Emilia-Romagna,251,"37,02",405,"59,73",0.2347560975609756
Alseno,Piacenza,Emilia-Romagna,548,"32,60",1100,"65,44",0.33495145631067963
Alta Val Tidone,Piacenza,Emilia-Romagna,358,"31,38",752,"65,91",0.35495495495495494
Besenzone,Piacenza,Emilia-Romagna,88,"25,51",253,"73,33",0.4838709677419355
Bettola,Piacenza,Emilia-Romagna,305,"29,99",688,"67,65",0.3856998992950655
Bobbio,Piacenza,Emilia-Romagna,569,"39,38",849,"58,75",0.19746121297602257
Borgonovo Val Tidone,Piacenza,Emilia-Romagna,780,"36,97",1296,"61,42",0.24855491329479767
Cadeo,Piacenza,Emilia-Romagna,645,"36,65",1083,"61,53",0.2534722222222222
Calendasco,Piacenza,Emilia-Romagna,322,"40,71",448,"56,64",0.16363636363636364
Caorso,Piacenza,Emilia-Romagna,531,"35,98",910,"61,65",0.2630117973629424
Carpaneto Piacentino,Piacenza,Emilia-Romagna,852,"30,57",1881,"67,49",0.3765093304061471
Castell'Arquato,Piacenza,Emilia-Romagna,619,"36,37",1037,"60,93",0.2524154589371981
Castel San Giovanni,Piacenza,Emilia-Romagna,1294,"34,11",2432,"64,10",0.3054213633923779
Castelvetro Piacentino,Piacenza,Emilia-Romagna,900,"51,84",791,"45,56",-0.06445890005913661
Cerignale,Piacenza,Emilia-Romagna,24,"39,34",34,"55,74",0.1724137931034483
Coli,Piacenza,Emilia-Romagna,146,"40,44",206,"57,06",0.17045454545454544
Corte Brugnatella,Piacenza,Emilia-Romagna,76,"31,67",157,"65,42",0.34763948497854075
Cortemaggiore,Piacenza,Emilia-Romagna,527,"34,42",976,"63,75",0.2987358616101131
Farini,Piacenza,Emilia-Romagna,124,"27,62",321,"71,49",0.44269662921348313
Ferriere,Piacenza,Emilia-Romagna,119,"25,05",349,"73,47",0.49145299145299143
Fiorenzuola D'Arda,Piacenza,Emilia-Romagna,2263,"46,26",2512,"51,35",0.05214659685863875
Gazzola,Piacenza,Emilia-Romagna,342,"39,86",484,"56,41",0.17191283292978207
Gossolengo,Piacenza,Emilia-Romagna,975,"46,32",1055,"50,12",0.03940886699507389
Gragnano Trebbiense,Piacenza,Emilia-Romagna,613,"45,78",687,"51,31",0.05692307692307692
Gropparello,Piacenza,Emilia-Romagna,257,"32,91",507,"64,92",0.32722513089005234
Lugagnano Val D'Arda,Piacenza,Emilia-Romagna,497,"35,32",890,"63,26",0.28334534967555874
Monticelli D'Ongina,Piacenza,Emilia-Romagna,919,"50,00",877,"47,71",-0.02338530066815145
Morfasso,Piacenza,Emilia-Romagna,88,"26,75",236,"71,73",0.4567901234567901
Ottone,Piacenza,Emilia-Romagna,38,"33,33",75,"65,79",0.3274336283185841
Piacenza,Piacenza,Emilia-Romagna,15116,"46,15",16643,"50,82",0.048080858969111115
Pianello Val Tidone,Piacenza,Emilia-Romagna,224,"31,59",468,"66,01",0.35260115606936415
Piozzano,Piacenza,Emilia-Romagna,81,"35,37",133,"58,08",0.24299065420560748
Podenzano,Piacenza,Emilia-Romagna,1199,"37,72",1943,"61,12",0.23679185232336092
Ponte Dell'Olio,Piacenza,Emilia-Romagna,645,"38,26",1011,"59,96",0.2210144927536232
Pontenure,Piacenza,Emilia-Romagna,858,"42,31",1093,"53,90",0.12045105074320861
Rivergaro,Piacenza,Emilia-Romagna,1123,"44,97",1315,"52,66",0.07875307629204266
Rottofreno,Piacenza,Emilia-Romagna,1478,"41,15",2027,"56,43",0.15663338088445078
San Giorgio Piacentino,Piacenza,Emilia-Romagna,638,"30,50",1406,"67,21",0.37573385518590996
San Pietro In Cerro,Piacenza,Emilia-Romagna,77,"28,84",184,"68,91",0.4099616858237548
Sarmato,Piacenza,Emilia-Romagna,319,"41,86",430,"56,43",0.14819759679572764
Travo,Piacenza,Emilia-Romagna,598,"60,47",371,"37,51",-0.23426212590299278
Vernasca,Piacenza,Emilia-Romagna,340,"45,76",385,"51,82",0.06206896551724138
Vigolzone,Piacenza,Emilia-Romagna,503,"33,76",959,"64,36",0.3119015047879617
Villanova Sull'Arda,Piacenza,Emilia-Romagna,258,"45,26",291,"51,05",0.060109289617486336
Zerba,Piacenza,Emilia-Romagna,12,"36,36",20,"60,61",0.25
Ziano Piacentino,Piacenza,Emilia-Romagna,292,"35,18",509,"61,33",0.27091136079900124
Alfonsine,Ravenna,Emilia-Romagna,2859,"64,51",1411,"31,84",-0.33911007025761125
Bagnacavallo,Ravenna,Emilia-Romagna,3899,"57,42",2649,"39,01",-0.19089798411728773
Bagnara Di Romagna,Ravenna,Emilia-Romagna,607,"62,32",348,"35,73",-0.2712041884816754
Brisighella,Ravenna,Emilia-Romagna,1524,"51,94",1331,"45,36",-0.06760070052539405
Casola Valsenio,Ravenna,Emilia-Romagna,594,"57,23",420,"40,46",-0.17159763313609466
Castel Bolognese,Ravenna,Emilia-Romagna,1956,"53,21",1637,"44,53",-0.0887837461731144
Cervia,Ravenna,Emilia-Romagna,6361,"57,97",4299,"39,18",-0.19343339587242026
Conselice,Ravenna,Emilia-Romagna,1950,"60,63",1115,"34,67",-0.2724306688417618
Cotignola,Ravenna,Emilia-Romagna,1759,"59,03",1154,"38,72",-0.20768966700995536
Faenza,Ravenna,Emilia-Romagna,14434,"60,60",8719,"36,60",-0.2468362631192502
Fusignano,Ravenna,Emilia-Romagna,1840,"62,39",1004,"34,05",-0.2939521800281294
Lugo,Ravenna,Emilia-Romagna,6806,"53,83",5470,"43,26",-0.10883023786249593
Massa Lombarda,Ravenna,Emilia-Romagna,2044,"63,18",1069,"33,04",-0.31320269836170894
Ravenna,Ravenna,Emilia-Romagna,34962,"58,22",22666,"37,75",-0.2133685014229194
Riolo Terme,Ravenna,Emilia-Romagna,1243,"54,71",967,"42,56",-0.1248868778280543
Russi,Ravenna,Emilia-Romagna,2600,"54,75",2002,"42,16",-0.12994350282485875
Sant'Agata Sul Santerno,Ravenna,Emilia-Romagna,574,"51,81",492,"44,40",-0.07692307692307693
Solarolo,Ravenna,Emilia-Romagna,975,"56,65",685,"39,80",-0.1746987951807229
Albinea,Reggio Nell'Emilia,Emilia-Romagna,2599,"63,42",1357,"33,11",-0.313953488372093
Bagnolo In Piano,Reggio Nell'Emilia,Emilia-Romagna,2323,"67,00",1016,"29,30",-0.391434561245882
Baiso,Reggio Nell'Emilia,Emilia-Romagna,640,"55,65",480,"41,74",-0.14285714285714285
Bibbiano,Reggio Nell'Emilia,Emilia-Romagna,2265,"65,69",1072,"31,09",-0.3575067425831585
Boretto,Reggio Nell'Emilia,Emilia-Romagna,789,"51,33",685,"44,57",-0.07055630936227951
Brescello,Reggio Nell'Emilia,Emilia-Romagna,708,"49,00",700,"48,44",-0.005681818181818182
Cadelbosco Di Sopra,Reggio Nell'Emilia,Emilia-Romagna,1905,"61,06",1124,"36,03",-0.25784087157477714
Campagnola Emilia,Reggio Nell'Emilia,Emilia-Romagna,1276,"64,97",616,"31,36",-0.3488372093023256
Campegine,Reggio Nell'Emilia,Emilia-Romagna,1122,"66,67",476,"28,28",-0.40425531914893614
Carpineti,Reggio Nell'Emilia,Emilia-Romagna,840,"53,92",670,"43,00",-0.11258278145695365
Casalgrande,Reggio Nell'Emilia,Emilia-Romagna,3656,"61,50",2108,"35,46",-0.2685634975711312
Casina,Reggio Nell'Emilia,Emilia-Romagna,1013,"54,82",759,"41,07",-0.1433408577878104
Castellarano,Reggio Nell'Emilia,Emilia-Romagna,2923,"52,99",2416,"43,80",-0.09496160329649747
Castelnovo Di Sotto,Reggio Nell'Emilia,Emilia-Romagna,1920,"66,74",847,"29,44",-0.3877846042645464
Castelnovo Ne' Monti,Reggio Nell'Emilia,Emilia-Romagna,1992,"50,13",1849,"46,53",-0.03722988804998698
Cavriago,Reggio Nell'Emilia,Emilia-Romagna,2418,"68,58",923,"26,18",-0.4474708171206226
Canossa,Reggio Nell'Emilia,Emilia-Romagna,594,"48,37",580,"47,23",-0.01192504258943782
Correggio,Reggio Nell'Emilia,Emilia-Romagna,6499,"67,08",2868,"29,60",-0.3876374506245329
Fabbrico,Reggio Nell'Emilia,Emilia-Romagna,1709,"72,79",553,"23,55",-0.51105216622458
Gattatico,Reggio Nell'Emilia,Emilia-Romagna,1167,"61,20",648,"33,98",-0.2859504132231405
Gualtieri,Reggio Nell'Emilia,Emilia-Romagna,1280,"62,20",724,"35,18",-0.2774451097804391
Guastalla,Reggio Nell'Emilia,Emilia-Romagna,2722,"55,30",2058,"41,81",-0.1389121338912134
Luzzara,Reggio Nell'Emilia,Emilia-Romagna,1721,"62,86",936,"34,19",-0.2954459917199849
Montecchio Emilia,Reggio Nell'Emilia,Emilia-Romagna,2185,"61,45",1206,"33,91",-0.28870539663815986
Novellara,Reggio Nell'Emilia,Emilia-Romagna,3473,"70,49",1342,"27,24",-0.4425752855659398
Poviglio,Reggio Nell'Emilia,Emilia-Romagna,1426,"61,92",792,"34,39",-0.28584310189359785
Quattro Castella,Reggio Nell'Emilia,Emilia-Romagna,3429,"62,06",1919,"34,73",-0.28234854151084515
Reggiolo,Reggio Nell'Emilia,Emilia-Romagna,2019,"65,36",947,"30,66",-0.3614295347269049
Reggio Nell'Emilia,Reggio Nell'Emilia,Emilia-Romagna,37836,"64,86",18619,"31,92",-0.34039500487113633
Rio Saliceto,Reggio Nell'Emilia,Emilia-Romagna,1409,"62,37",763,"33,78",-0.2974217311233886
Rolo,Reggio Nell'Emilia,Emilia-Romagna,827,"61,12",497,"36,73",-0.24924471299093656
Rubiera,Reggio Nell'Emilia,Emilia-Romagna,3511,"64,83",1721,"31,78",-0.34212538226299694
San Martino In Rio,Reggio Nell'Emilia,Emilia-Romagna,1812,"58,93",1158,"37,66",-0.2202020202020202
San Polo D'Enza,Reggio Nell'Emilia,Emilia-Romagna,1241,"59,01",778,"36,99",-0.229321446260525
Sant'Ilario D'Enza,Reggio Nell'Emilia,Emilia-Romagna,2229,"59,11",1399,"37,10",-0.22877618522601983
Scandiano,Reggio Nell'Emilia,Emilia-Romagna,6905,"65,64",3299,"31,36",-0.353390827126617
Toano,Reggio Nell'Emilia,Emilia-Romagna,600,"45,94",661,"50,61",0.04837430610626487
Ventasso,Reggio Nell'Emilia,Emilia-Romagna,806,"45,56",907,"51,27",0.05896088733216579
Vetto,Reggio Nell'Emilia,Emilia-Romagna,322,"46,80",356,"51,74",0.05014749262536873
Vezzano Sul Crostolo,Reggio Nell'Emilia,Emilia-Romagna,1002,"61,17",565,"34,49",-0.2788768347160179
Viano,Reggio Nell'Emilia,Emilia-Romagna,718,"54,19",560,"42,26",-0.12363067292644757
Villa Minozzo,Reggio Nell'Emilia,Emilia-Romagna,662,"47,25",657,"46,90",-0.0037907505686125853
Bellaria-Igea Marina,Rimini,Emilia-Romagna,2756,"45,09",3173,"51,91",0.07033226513745994
Casteldelci,Rimini,Emilia-Romagna,54,"32,53",109,"65,66",0.3374233128834356
Cattolica,Rimini,Emilia-Romagna,2837,"55,42",2066,"40,36",-0.15725066285947378
Coriano,Rimini,Emilia-Romagna,1953,"51,79",1696,"44,97",-0.0704302548643464
Gemmano,Rimini,Emilia-Romagna,154,"41,96",195,"53,13",0.1174785100286533
Maiolo,Rimini,Emilia-Romagna,142,"41,16",195,"56,52",0.1572700296735905
Misano Adriatico,Rimini,Emilia-Romagna,2243,"54,47",1755,"42,62",-0.12206103051525763
Mondaino,Rimini,Emilia-Romagna,230,"54,12",183,"43,06",-0.11380145278450363
Montefiore Conca,Rimini,Emilia-Romagna,228,"45,51",246,"49,10",0.0379746835443038
Montegridolfo,Rimini,Emilia-Romagna,166,"60,81",96,"35,16",-0.26717557251908397
Montescudo-Monte Colombo,Rimini,Emilia-Romagna,727,"41,17",976,"55,27",0.1462125660598943
Morciano Di Romagna,Rimini,Emilia-Romagna,899,"43,94",1074,"52,49",0.08869741510390268
Novafeltria,Rimini,Emilia-Romagna,1184,"45,19",1374,"52,44",0.07427677873338545
Pennabilli,Rimini,Emilia-Romagna,472,"45,21",552,"52,87",0.078125
Poggio Torriana,Rimini,Emilia-Romagna,1034,"59,87",616,"35,67",-0.25333333333333335
Riccione,Rimini,Emilia-Romagna,5992,"47,86",6232,"49,78",0.01963350785340314
Rimini,Rimini,Emilia-Romagna,27587,"53,63",22337,"43,42",-0.10515984296130118
Saludecio,Rimini,Emilia-Romagna,330,"42,69",418,"54,08",0.11764705882352941
San Clemente,Rimini,Emilia-Romagna,757,"53,20",620,"43,57",-0.09949164851125636
San Giovanni In Marignano,Rimini,Emilia-Romagna,1741,"57,25",1184,"38,93",-0.19042735042735043
San Leo,Rimini,Emilia-Romagna,463,"44,73",531,"51,30",0.06841046277665996
Sant'Agata Feltria,Rimini,Emilia-Romagna,363,"52,53",313,"45,30",-0.07396449704142012
Santarcangelo Di Romagna,Rimini,Emilia-Romagna,5130,"61,83",2916,"35,15",-0.2751677852348993
Talamello,Rimini,Emilia-Romagna,185,"48,56",184,"48,29",-0.0027100271002710027
Verucchio,Rimini,Emilia-Romagna,1662,"50,09",1507,"45,42",-0.04891132849479331
